name,calorie,protein,lipid,carbohydrate,salt
アマランサス,358,12.7,6.0,64.9,1
アワ,367,11.2,4.4,69.7,1
粟餅,214,5.1,1.3,45.3,0
オートミール　,380,13.7,5.7,69.1,3
大麦,341,10.9,2.1,72.1,2
大麦麺,339,12.9,1.7,68.0,1100
キビ,363,11.3,3.3,70.9,2
小麦,337,10.6,3.1,72.2,2
薄力粉,367,8.3,1.5,75.8,Tr
中力粉,367,9.0,1.6,75.1,1
強力粉,365,11.8,1.5,71.7,Tr
お好み焼き粉　,352,10.1,1.9,73.6,1400
ホットケーキミックス,365,7.8,4.0,74.4,390
食パン　,264,9.3,4.4,46.7,500
フランスパン　　,279,9.4,1.3,57.5,620
ライ麦パン　　,264,8.4,2.2,52.7,470
ぶどうパン　　,269,8.2,3.5,51.1,400
ロールパン　　,316,10.1,9.0,48.6,490
クロワッサン　　,448,7.9,26.8,43.9,470
イングリッシュマフィン　　,228,8.1,3.6,40.8,480
ナン　　,262,10.3,3.4,47.6,530
ベーグル　　,275,9.6,2.0,54.6,460
うどん　,270,6.1,0.6,56.8,1000
ひやむぎ,356,9.5,1.1,72.7,1500
そうめん,356,9.5,1.1,72.7,1500
中華麺　,281,8.6,1.2,55.7,410
沖縄そば,284,9.2,2.0,54.2,810
マカロニ,379,12.2,1.9,73.9,1
スパゲッティ,379,12.2,1.9,73.9,1
生麩　,163,12.7,0.8,26.2,7
焼き麩,385,28.5,2.7,56.9,6
小麦胚芽　,426,32.0,11.6,48.3,3
餃子の皮　　,291,9.3,1.4,57.0,2
焼売の皮　　,295,8.3,1.4,58.9,2
ピザ生地,268,9.1,3.0,51.1,510
ちくわぶ　,171,7.1,1.2,31.1,1
パン粉(生),280,11.0,5.1,47.6,350
パン粉(乾燥),373,14.6,6.8,63.4,460
玄米　　,353,6.8,2.7,74.3,1
米(うるち米),358,6.1,0.9,77.6,1
米(もち米)　,359,6.4,1.2,77.2,Tr
胚芽精米,357,6.5,2.0,75.8,1
発芽玄米,356,6.5,3.3,74.3,3
玄米,165,2.8,1.0,35.6,1
おにぎり,179,2.7,0.3,39.4,200
焼きおにぎり,181,3.1,0.3,39.5,380
きりたんぽ,210,3.2,0.4,46.2,1
上新粉,362,6.2,0.9,78.5,2
玄米粉,395,7.1,2.9,84.1,3
米粉,374,6.0,0.7,81.9,1
米粉パン,255,3.4,3.1,51.3,340
米粉めん,265,3.6,0.7,58.4,48
ビーフン,377,7.0,1.6,79.9,2
米麹,286,5.8,1.7,59.2,3
もち,234,4.0,0.6,50.8,0
赤飯,190,4.3,0.6,41.9,0
あくまき,132,2.3,1.8,25.7,16
白玉粉,369,6.3,1.0,80.0,2
道明寺粉,372,7.1,0.7,80.4,4
米ぬか,412,13.4,19.6,48.8,7
そば粉,361,12.0,3.1,69.6,2
そば(生),274,9.8,1.9,54.5,1
そば(乾),344,14.0,2.3,66.7,850
とうもろこし,350,8.6,5.0,70.6,3
コーンミール,363,8.3,4.0,72.4,2
コーングリッツ,355,8.2,1.0,76.4,1
コーンフラワー,363,6.6,2.8,76.1,1
ジャイアントコーン,435,5.7,11.8,76.6,430
ポップコーン,484,10.2,22.8,59.6,570
コーンフレーク,381,7.8,1.7,83.6,830
はとむぎ,360,13.3,1.3,72.2,1
ひえ,366,9.4,3.3,73.2,6
もろこし,352,10.3,4.7,71.1,2
ライ麦,334,12.7,2.7,70.7,1
五穀,357,12.6,2.8,70.2,1
菊芋　,35,1.9,0.4,14.7,1
こんにゃく粉　,177,3.0,0.1,85.3,18
板こんにゃく,7,0.1,0.1,3.3,2
赤こんにゃく　　　,5,0.1,Tr,2.5,11
凍みこんにゃく,167,3.3,1.4,77.1,52
しらたき,6,0.2,Tr,3.0,10
さつま芋,134,1.2,0.2,31.9,11
焼き芋,163,1.4,0.2,39.0,13
紫芋,133,1.2,0.3,31.7,30
里芋,58,1.5,0.1,13.1,Tr
セレベス,89,2.2,0.3,19.8,0
たけのこ芋,103,1.7,0.4,23.5,1
水芋,117,0.7,0.4,27.6,6
ヤツガシラ,97,3.0,0.7,20.5,1
じゃが芋,76,1.6,0.1,17.6,1
フライドポテト,237,2.9,10.6,32.4,2
乾燥マッシュポテト,357,6.6,0.6,82.8,75
ヤーコン,54,0.6,0.3,12.4,0
長芋,108,4.5,0.5,22.6,5
自然薯,121,2.8,0.7,26.7,6
ダイジョ,109,2.6,0.1,25.0,20
キャッサバ粉,346,0.1,0.2,85.3,1
くず粉,347,0.2,0.2,85.6,2
米でん粉,366,0.2,0.7,89.3,11
小麦でん粉,351,0.2,0.5,86.0,3
サゴでん粉,349,0.1,0.2,86.1,7
さつまいもでん粉,332,0.1,0.2,82.0,1
片栗粉,330,0.1,0.1,81.6,2
とうもろこしでん粉,354,0.1,0.7,86.3,1
くずきり,356,0.2,0.2,87.7,4
ごま豆腐,81,1.5,4.3,9.1,Tr
タピオカパール,355,0,0.2,87.8,5
春雨,356,0.2,0.4,87.5,14
澱粉めん,131,0.1,0.2,32.2,8
黒砂糖,354,1.7,Tr,89.7,27
和三盆糖,383,0.2,Tr,98.8,1
上白糖,384,0,0,99.2,1
三温糖,382,Tr,0,98.7,7
グラニュー糖,387,0,0,100.0,Tr
ざらめ,387,0,0,100.0,Tr
角砂糖,387,0,0,100.0,Tr
氷砂糖,387,0,0,100.0,Tr
コーヒーシュガー,387,0.1,0,99.9,2
粉糖,386,0,0,99.7,1
液糖,271,0,0,70.0,Tr
氷糖蜜,265,0.2,0,68.2,10
粉あめ,381,0,0,97.0,Tr
水あめ,328,0,0,85.0,Tr
ぶどう糖,335,0,0,91.0,Tr
果糖,368,0,0,99.9,Tr
黒蜜,199,1.0,0,50.5,15
はちみつ,294,0.2,0,79.7,6
メープルシロップ,257,0.1,0,66.3,1
あずき(乾),339,20.3,2.2,58.7,1
あずき(ゆで),143,8.9,1.0,24.2,1
あずき(缶詰),218,4.4,0.4,49.2,90
こしあん,155,9.8,0.6,27.1,3
さらしあん,385,26.2,1.0,66.8,11
つぶあん,244,5.6,0.6,54.0,56
いんげんまめ,333,19.9,2.2,57.8,1
うずら豆,237,6.7,1.3,49.6,110
豆きんとん,249,4.9,0.5,56.2,100
青えんどう,148,9.2,1.0,25.2,1
赤えんどう,148,9.2,1.0,25.2,1
グリンピース,423,20.8,11.6,58.8,350
塩豆,364,23.3,2.4,61.5,610
うぐいす豆,240,5.6,0.7,52.9,150
ささげ,145,10.2,0.9,23.8,Tr
そらまめ,348,26.0,2.0,55.9,1
フライビーンズ,472,24.7,20.8,46.4,690
おたふく豆,251,7.9,1.2,52.2,160
ふき豆,263,9.6,1.6,52.5,320
しょうゆ豆,196,9.8,0.9,37.1,460
大豆(乾),422,33.8,19.7,29.5,1
煎り大豆,439,37.5,21.6,33.3,5
大豆(水煮),140,12.9,6.7,7.7,210
きな粉,450,36.7,25.7,28.5,1
大豆胚芽,442,37.8,14.7,39.5,0
ぶどう豆,289,14.1,9.4,37.0,620
木綿豆腐,72,6.6,4.2,1.6,59
絹ごし豆腐,56,4.9,3.0,2.0,14
沖縄豆腐,106,9.1,7.2,0.7,170
ゆし豆腐,50,4.3,2.8,1.7,240
焼き豆腐,88,7.8,5.7,1.0,4
生揚げ,150,10.7,11.3,0.9,3
油揚げ,410,23.4,34.4,0.4,4
がんもどき,228,15.3,17.8,1.6,190
凍り豆腐(乾),536,50.5,34.1,4.2,440
凍り豆腐(水煮),115,10.7,7.3,1.1,260
豆腐よう,189,9.5,8.3,19.1,760
豆腐竹輪,126,14.9,4.4,6.7,740
ろくじょう豆腐,347,34.7,21.5,3.8,4300
糸引き納豆,200,16.5,10.0,12.1,2
挽きわり納豆,194,16.6,10.0,10.5,2
五斗納豆,227,15.3,8.1,24.0,2300
寺納豆,271,18.6,8.1,31.5,5600
おから(生),111,6.1,3.6,13.8,5
おから(乾燥),421,23.1,13.6,52.3,19
豆乳,46,3.6,2.0,3.1,2
調製豆乳,64,3.2,3.6,4.8,50
麦芽コーヒー,60,2.2,2.2,7.8,42
大豆たんぱく,360,46.3,3.0,36.7,3
生湯葉,231,21.8,13.7,4.1,4
湯葉(乾),530,50.4,32.1,7.2,12
金山寺味噌,256,6.9,3.2,50.0,2000
ひしお味噌,206,6.5,2.7,38.8,1900
テンペ,202,15.8,9.0,15.4,2
つるあずき(乾),348,20.8,1.6,61.8,1
つるあずき(ゆで),159,9.7,1.0,27.5,0
ひよこまめ(乾),374,20.0,5.2,61.5,17
ひよこまめ(ゆで),171,9.5,2.5,27.4,5
べにばないんげん(乾),332,17.2,1.7,61.2,1
べにばないんげん(ゆで),121,6.2,0.6,22.3,1
らいまめ(乾),351,21.9,1.8,60.8,Tr
らいまめ(ゆで),152,9.6,0.9,26.0,0
りょくとう(乾),354,25.1,1.5,59.1,0
りょくとう(ゆで),137,10.2,0.6,22.5,1
レンズまめ(乾),352,23.2,1.5,60.7,Tr
レンズまめ(ゆで),170,11.2,0.8,29.1,0
アーモンド(乾),587,19.6,51.8,20.9,1
アーモンド,606,19.2,53.6,22.3,130
あさ,463,29.5,27.9,31.3,2
あまに,564,21.9,43.5,30.5,70
えごま,544,17.7,43.4,29.4,2
カシューナッツ,576,19.8,47.6,26.7,220
かや,665,8.7,64.9,22.6,6
ぎんなん,171,4.7,1.6,34.8,Tr
栗,164,2.8,0.5,36.9,1
栗甘露煮,238,1.8,0.4,56.8,7
甘栗,222,4.9,0.9,48.5,2
くるみ,674,14.6,68.8,11.7,4
けし,567,19.3,49.1,21.8,4
ココナッツパウダー,668,6.1,65.8,23.7,10
ごま,578,19.8,51.9,18.4,2
ねりごま,605,20.5,54.7,18.7,2
しい,252,3.2,0.8,57.6,1
とち,161,1.7,1.9,34.2,250
はす,344,18.3,2.3,64.3,6
ひし,190,5.8,0.5,40.6,5
ピスタチオ,615,17.4,56.1,20.9,270
ブラジルナッツ　,669,14.9,69.1,9.6,78
ヘーゼルナッツ,684,13.6,69.3,13.9,35
ペカン,702,9.6,73.4,13.3,140
マカダミアナッツ,720,8.3,76.7,12.2,190
松の実,669,15.8,68.2,10.6,2
落花生,562,25.4,47.5,18.8,2
バターピーナッツ,592,25.5,51.3,18.2,120
ピーナッツバター,640,25.4,50.7,20.5,350
アーティチョーク,48,2.3,0.2,11.3,21
あさつき,33,4.2,0.3,5.6,4
アスパラガス,22,2.6,0.2,3.9,2
アスパラガス(水煮),22,2.4,0.1,4.3,350
アロエ,3,0,0.1,0.7,8
さやいんげん,26,1.8,0.2,5.5,1
うど,18,0.8,0.1,4.3,Tr
やまうど,19,1.1,0.1,4.3,1
えだまめ,134,11.5,6.1,8.9,2
エンダイブ,15,1.2,0.2,2.9,35
トウミョウ,27,3.6,0.6,3.8,1
さやえんどう,34,3.2,0.2,7.0,1
スナップえんどう,43,2.9,0.1,9.9,1
グリンピース,110,8.3,0.2,18.5,3
大阪しろ菜,17,1.6,0.3,3.1,20
おかひじき,17,1.2,0.1,3.8,66
オクラ,33,2.1,0.1,7.6,4
かぶ,22,2.3,0.1,4.4,18
かぶの漬物,29,2.3,0.2,6.0,910
かぶのぬか漬,34,3.3,0.1,7.1,1500
かぼちゃ,60,1.9,0.1,13.3,1
西洋かぼちゃ,93,1.6,0.3,21.3,1
からし菜,26,3.3,0.1,4.7,60
カリフラワー,26,2.7,0.1,5.1,8
かんぴょう,28,0.7,0,7.2,1
菊の花,27,1.4,0,6.5,2
菊のり,292,11.6,0.2,73.5,14
キャベツ,20,0.9,0.2,4.6,3
グリーンボール,20,1.4,0.1,4.3,4
レッドキャベツ,30,2.0,0.1,6.7,4
きゅうり,14,1.0,0.1,3.0,1
きゅうりの塩漬,16,1.0,0.1,3.7,1000
きゅうりのしょうゆ漬,50,3.2,0.4,10.8,1600
きゅうりのぬか漬,27,1.5,0.1,6.2,2100
ピクルス(スイート型),67,0.3,0.1,18.3,440
ピクルス(サワー型),12,1.4,Tr,2.5,1000
行者ニンニク,34,3.5,0.2,6.6,2
キンツァイ,19,1.1,0.4,3.5,27
クレソン,15,2.1,0.1,2.5,23
くわい,128,6.2,0.1,27.2,3
ケール,28,2.1,0.4,5.6,9
コールラビ,21,1.0,Tr,5.2,7
こごみ,28,3.0,0.2,5.3,1
ごぼう,58,1.5,0.2,13.7,11
ザーサイ,23,2.5,0.1,4.6,5400
山東菜,16,1.4,0.3,2.9,9
四角豆,20,2.4,0.1,3.8,1
ししとう,27,1.9,0.3,5.7,1
しそ(葉),37,3.9,0.1,7.5,1
しそ(実),41,3.4,0.1,8.9,1
十六ささげ,30,2.8,0.1,6.2,1
春菊,27,2.7,0.5,4.5,42
じゅんさい,5,0.4,0,1.0,2
葉しょうが,11,0.5,0.2,2.1,5
しょうが,30,0.9,0.3,6.6,6
ガリ,51,0.2,0.3,12.5,1200
白瓜,15,0.9,0.1,3.3,1
白瓜(塩漬),16,1.0,0.1,3.7,790
白瓜(奈良漬),157,4.5,0.1,40.8,1700
ずいき,12,0.4,0,3.1,1
ずいき(乾),246,6.6,0.4,63.5,6
すぐき菜,26,1.9,0.2,5.4,32
ズッキーニ,14,1.3,0.1,2.8,1
せり,17,2.0,0.1,3.3,19
セロリ,15,0.4,0.1,3.6,28
ぜんまい　,21,1.1,0.4,4.1,2
そらまめ,112,10.5,0.2,16.9,4
タアサイ,13,1.1,0.2,2.3,23
かいわれだいこん,21,2.1,0.5,3.3,5
大根,25,2.2,0.1,5.3,48
切干しだいこん(乾),301,9.7,0.8,69.7,210
ぬか漬,30,1.3,0.1,6.7,1500
たくあん　,64,1.2,0.3,15.2,1700
べったら漬,57,0.9,0.1,14.0,1200
福神漬,136,2.7,0.1,33.3,2000
高菜,21,1.8,0.2,4.2,43
高菜漬,33,2.8,0.2,7.0,2300
竹の子,23,2.7,0.2,4.0,3
メンマ,19,1.0,0.5,3.6,360
たまねぎ,26,0.6,0.1,6.1,4
赤たまねぎ,38,0.9,0.1,9.0,2
葉たまねぎ,37,1.8,0.4,7.6,3
タラの芽,27,4.2,0.2,4.3,1
チコリ,16,1.0,Tr,3.9,3
チンゲンサイ,12,0.9,0.1,2.4,28
つくし,38,3.5,0.1,8.1,6
つるな,15,1.8,0.1,2.8,5
つるむらさき,15,0.9,0.2,3.2,7
つわぶき,16,0.3,0,4.4,42
とうがらし,96,3.9,3.4,16.3,6
冬瓜,16,0.6,0.1,3.7,1
スイートコーン,99,2.9,1.5,19.4,1
ヤングコーン,29,2.3,0.2,6.0,0
トマト,19,0.7,0.1,4.7,3
ミニトマト,29,1.1,0.1,7.2,4
ホールトマト缶,20,0.9,0.2,4.4,4
トマトジュース,17,0.7,0.1,4.0,8
トレビス,18,1.1,0.2,3.9,11
とんぶり,90,6.1,3.5,12.9,5
長崎白菜,18,2.2,0.1,3.4,12
ナス,22,1.1,0.1,5.1,Tr
米ナス,22,1.1,0.1,5.3,1
なずな,36,4.3,0.1,7.0,3
菜花,35,4.1,0.4,6.0,12
ゴーヤ,17,1.0,0.1,3.9,1
にら,21,1.7,0.3,4.0,1
人参,39,0.7,0.2,9.3,28
人参グラッセ,66,0.7,1.4,12.7,390
人参ジュース,28,0.6,0.1,6.7,19
葉ニンニク,45,1.9,0.3,10.6,9
ねぎ,34,1.4,0.1,8.3,Tr
葉ねぎ,30,1.9,0.3,6.5,1
小ネギ,27,2.0,0.3,5.4,1
野沢菜,16,0.9,0.1,3.5,24
野沢菜漬,18,1.2,0.1,4.1,610
のびる,65,3.2,0.2,15.5,2
白菜,13,0.9,0.1,2.9,5
白菜漬,16,1.4,0.1,3.4,900
キムチ,46,2.8,0.3,7.9,870
パクチー,15,1.6,0.2,2.7,12
バジル,24,2.0,0.6,4.0,1
パセリ,43,4.0,0.7,7.8,9
二十日大根,15,0.8,0.1,3.1,8
はやとうり,20,0.6,0.1,4.9,Tr
ビーツ,44,1.5,0.1,10.2,38
ピーマン,22,0.9,0.2,5.1,1
赤ピーマン,30,1.0,0.2,7.2,Tr
黄ピーマン,27,0.8,0.2,6.6,Tr
トマピー,31,1.0,0.2,7.5,Tr
日野菜,19,1.0,Tr,4.7,10
広島菜,20,1.5,0.2,4.2,28
ふき,8,0.3,0,1.9,22
ふきのとう,32,2.5,0.1,7.0,3
藤豆,33,2.5,0.1,7.4,Tr
フダンソウ,27,2.8,0.1,5.4,61
ブロッコリー,27,3.5,0.4,4.3,14
へちま,18,1.6,0.1,3.7,1
ほうれん草,20,2.2,0.4,3.1,16
ホースラディシュ,79,3.1,0.3,17.7,1
まこも,21,1.3,0.2,4.4,3
水かけ菜,25,2.9,0.1,4.7,7
水菜,23,2.2,0.1,4.8,36
三つ葉,18,1.0,0.1,4.0,8
壬生菜,15,1.1,0.3,2.9,32
みょうが,12,0.9,0.1,2.6,1
みょうがたけ,7,0.4,0.1,1.5,Tr
むかご,93,2.9,0.2,20.6,3
芽キャベツ,49,5.3,0.1,9.8,5
めたで,43,3.0,0.5,8.8,9
もやし,37,3.7,1.5,2.3,3
ブラックマッペもやし,15,2.0,Tr,2.7,6
緑豆もやし,14,1.7,0.1,2.6,2
モロヘイヤ,38,4.8,0.5,6.3,1
やまごぼう(みそ漬)　　　,72,4.1,0.1,15.6,2800
ゆりね,126,3.4,0.1,28.7,1
ヨウサイ,21,2.2,0.1,4.1,16
ヨメナ,46,3.4,0.2,10.0,2
落花生,288,11.9,23.5,12.3,2
らっきょう,115,0.7,0.2,29.0,860
エシャロット,76,2.3,0.2,17.8,2
リーキ,28,1.3,0.1,6.8,2
ルッコラ,19,1.9,0.4,3.1,14
ルバーブ,18,0.5,0.1,4.6,1
レタス,12,0.6,0.1,2.8,2
サラダ菜,14,1.0,0.2,2.7,6
リーフレタス,16,1.4,0.1,3.3,6
サニーレタス,16,1.2,0.2,3.2,4
サンチュ,15,1.2,0.4,2.5,3
コスレタス,17,1.2,0.2,3.4,16
レンコン,66,1.9,0.1,15.5,24
わけぎ,29,1.9,0,6.9,1
ワサビ,88,5.6,0.2,18.4,24
わさび漬　　　,145,7.1,0.5,28.0,1000
わらび,15,1.5,0.1,3.0,Tr
あけび,82,0.5,0.1,22.0,Tr
アセロラ,36,0.7,0.1,9.0,7
アテモヤ,79,1.8,0.4,19.4,4
アボカド,187,2.5,18.7,6.2,7
あんず,36,1.0,0.3,8.5,2
あんず(乾),288,9.2,0.4,70.4,15
あんずジャム,232,0.3,0.1,64.9,10
いちご,34,0.9,0.1,8.5,Tr
いちごジャム,236,0.4,0.1,63.3,6
ドライいちご,302,0.5,0.2,82.8,260
いちじく(生),54,0.6,0.1,14.3,2
いちじく(乾),291,3.0,1.1,75.3,93
梅干し,33,0.9,0.2,10.5,8700
グリーンオリーブ　　,145,1.0,15.0,4.5,1400
オリーブ,118,0.8,12.3,3.4,640
スタッフドオリーブ　　,137,0.8,14.3,4.2,2000
柿,60,0.4,0.2,15.9,1
干し柿,276,1.5,1.7,71.3,4
かりん,68,0.4,0.1,18.3,2
伊予柑,46,0.9,0.1,11.8,2
温州みかん,45,0.5,0.1,11.9,1
オレンジ,46,0.9,0.1,11.8,1
マーマレード,235,0.2,0.1,63.2,11
オロブランコ,40,0.8,0.1,10.1,1
かぼす,25,0.4,0.1,8.5,1
河内晩柑,35,0.7,0.2,8.8,1
清見,41,0.8,0.2,10.3,1
金柑,71,0.5,0.7,17.5,2
グレープフルーツ,38,0.9,0.1,9.6,1
三宝柑,44,0.7,0.3,10.9,2
シークヮーサー,25,0.8,0.1,7.9,2
不知火,51,0.8,0.2,12.9,Tr
すだち,68,1.8,0.3,16.4,1
せとか,47,0.8,0.2,11.7,1
セミノール,49,1.1,0.1,12.4,2
だいだい,24,0.3,0.2,8.0,1
夏みかん,40,0.9,0.1,10.0,1
八朔,45,0.8,0.1,11.5,1
はるみ,48,0.9,0.2,12.1,0
日向夏,45,0.6,0.1,11.7,1
文旦,38,0.7,0.1,9.8,1
ポンカン,40,0.9,0.1,9.9,1
ゆず,59,1.2,0.5,14.2,5
ライム,27,0.4,0.1,9.3,1
レモン,54,0.9,0.7,12.5,4
キウイ,53,1.0,0.1,13.5,2
キワノ,41,1.5,0.9,8.0,2
グァバ,38,0.6,0.1,9.9,3
グーズベリー,52,1.0,0.1,13.2,1
ぐみ,68,1.3,0.2,17.2,2
ココナッツウォーター　　　,20,0.2,0.1,5.0,11
ココナッツミルク　　　,150,1.9,16.0,2.8,12
ナタデココ　　　,73,0,Tr,20.2,2
さくらんぼ,60,1.0,0.2,15.2,1
ざくろ,56,0.2,Tr,15.5,1
すいか,37,0.6,0.1,9.5,1
スターフルーツ,30,0.7,0.1,7.5,1
すもも,44,0.6,1.0,9.4,1
プルーン(生),49,0.7,0.1,12.6,1
プルーン(乾),235,2.5,0.2,62.4,1
チェリモヤ,78,1.3,0.3,19.8,8
ドラゴンフルーツ,50,1.4,0.3,11.8,Tr
ドリアン,133,2.3,3.3,27.1,Tr
梨,43,0.3,0.1,11.3,Tr
洋梨,54,0.3,0.1,14.4,Tr
なつめ,287,3.9,2.0,71.4,3
なつめやし,266,2.2,0.2,71.3,Tr
パインアップル,51,0.6,0.1,13.4,Tr
パイナップルジュース,41,0.3,0.1,11.0,1
ハスカップ,53,0.7,0.6,12.8,Tr
パッションフルーツ,64,0.8,0.4,16.2,5
バナナ,86,1.1,0.2,22.5,Tr
ドライバナナ,299,3.8,0.4,78.5,1
パパイヤ,38,0.5,0.2,9.5,6
びわ,40,0.3,0.1,10.6,1
ぶどう,59,0.4,0.1,15.7,1
干しぶどう,301,2.7,0.2,80.7,12
ぶどうジャム,193,0.5,0.1,47.5,18
ブルーベリー,49,0.5,0.1,12.9,1
ブルーベリージャム,181,0.7,0.3,43.8,1
ホワイトサポテ,74,1.5,0.1,18.9,Tr
マクワ瓜,32,0.8,0.1,7.8,1
マルメロ,56,0.3,0.1,15.1,1
マンゴー,64,0.6,0.1,16.9,1
マンゴスチン,67,0.6,0.2,17.5,1
メロン,42,1.1,0.1,10.3,7
桃,40,0.6,0.1,10.2,1
ネクター,48,0.2,0.1,11.6,3
ネクタリン,43,0.7,0.3,10.7,1
ヤマモモ,44,0.5,0.2,11.3,4
ライチ,63,1.0,0.1,16.4,Tr
ラズベリー,41,1.1,0.1,10.2,1
竜眼,283,5.1,0.4,72.9,2
りんご,57,0.1,0.2,15.5,Tr
りんごジュース,44,0.2,0.1,11.8,3
りんごジャム,213,0.2,0.1,52.7,7
エノキダケ,22,2.7,0.2,7.6,2
アラゲキクラゲ,171,6.9,0.7,77.0,46
キクラゲ,167,7.9,2.1,71.1,59
黒あわび茸,19,3.7,0.4,4.9,3
椎茸,19,3.0,0.3,5.7,1
椎茸(乾),182,19.3,3.7,63.4,6
しめじ,15,2.6,0.3,4.5,4
ぶなしめじ,18,2.7,0.6,5.0,3
ほんしめじ,12,2.5,0.4,2.8,1
タモギダケ,16,3.6,0.3,3.7,1
なめこ,15,1.7,0.2,5.2,3
ヌメリスギダケ,15,2.3,0.4,4.1,1
ウスヒラケ,23,6.1,0.2,4.8,1
エリンギ,19,2.8,0.4,6.0,2
ヒラタケ,20,3.3,0.3,6.2,2
舞茸,15,2.0,0.5,4.4,0
マッシュルーム,11,2.9,0.3,2.1,6
松茸,23,2.0,0.6,8.2,2
柳松茸,13,2.4,0.1,4.0,1
あおさ,130,22.1,0.6,41.7,3900
青のり,164,29.4,5.2,41.0,3200
あま海苔,173,39.4,3.7,38.7,610
焼き海苔,188,41.4,3.7,44.3,530
味付け海苔,359,40.0,3.5,41.8,1700
あらめ,140,12.4,0.7,56.2,2300
岩海苔,151,34.8,0.7,39.1,2100
海ぶどう,4,0.5,0.1,1.2,330
エゴノリ,143,9.0,0.1,62.2,2400
オゴノリ,21,1.3,0.1,8.8,130
川海苔,167,38.1,1.6,41.7,85
昆布,142,7.9,0.5,62.1,3000
刻み昆布,105,5.4,0.5,46.0,4300
削り昆布,117,6.5,0.9,50.2,2100
塩昆布,110,16.9,0.4,37.0,7100
水前寺のり,7,1.5,Tr,2.1,5
てんぐさ,144,16.1,1.0,53.8,1900
ところてん,2,0.2,0,0.6,3
角寒天,154,2.4,0.2,74.1,130
寒天,3,Tr,Tr,1.5,2
粉寒天,165,0.2,0.3,81.7,170
とさかのり,14,1.5,0.1,5.1,270
ひじき,149,9.2,3.2,58.4,1800
ヒトエグサ,130,16.6,1.0,46.3,4500
布海苔,148,13.8,1.0,57.8,2700
まつも,159,27.9,4.9,40.8,1300
むかでのり,10,0.6,0.1,4.2,220
もずく,4,0.2,0.1,1.4,90
わかめ,117,13.6,1.6,41.3,6600
茎わかめ,15,1.1,0.3,5.5,3100
めかぶ,11,0.9,0.6,3.4,170
アイナメ,113,19.1,3.4,0.1,150
アコウダイ,93,16.8,2.3,0.1,75
マアジ,126,19.7,4.5,0.1,130
マルアジ,147,22.1,5.6,0.2,59
ニシマアジ,169,19.6,9.1,0.1,160
ムロアジ,166,23.6,6.9,0.4,56
くさや,240,49.9,3.0,0.3,1600
アナゴ,161,17.3,9.3,Tr,150
アマダイ,113,18.8,3.6,Tr,73
アユ,119,22.5,2.6,Tr,110
アカウオ,105,17.2,3.4,0.1,81
アンコウ,58,13.0,0.2,0.3,130
あん肝,445,10.0,41.9,2.2,110
イカナゴ,125,17.2,5.5,0.1,190
イサキ,127,17.2,5.7,0.1,160
イシダイ,156,19.5,7.8,Tr,54
イトヨリダイ,93,18.1,1.7,0.1,85
イボダイ,149,16.4,8.5,Tr,190
ウルメイワシ,136,21.3,4.8,0.3,95
カタクチイワシ,192,18.2,12.1,0.3,85
マイワシ,169,19.2,9.2,0.2,81
メザシ,257,18.2,18.9,0.5,1100
しらす,76,15.0,1.3,0.1,380
タタミイワシ,372,75.1,5.6,0.7,850
アンチョビ,158,24.2,6.8,0.1,5200
イワナ,114,19.0,3.6,0.1,49
ウグイ,100,20.1,1.5,0.2,83
ウナギ,255,17.1,19.3,0.3,74
うなぎ(肝),118,13.0,5.3,3.5,140
ウマヅラハギ,80,18.2,0.3,Tr,210
エイ,84,19.1,0.3,0.1,270
エソ,93,20.1,0.8,0.1,120
オイカワ,136,19.2,5.8,0.1,48
オオサガ,144,16.3,8.0,0.1,71
オコゼ,85,19.6,0.2,0.2,85
オヒョウ,100,19.9,1.7,0.1,72
カサゴ,85,19.3,0.3,0.1,120
カジカ,111,15.0,5.0,0.2,110
クロカジキ,99,22.9,0.2,0.1,70
マカジキ,115,23.1,1.8,0.1,65
メカジキ,153,19.2,7.6,0.1,71
カツオ,114,25.8,0.5,0.1,43
ソウダガツオ,136,25.7,2.8,0.3,81
なまり節,173,38.0,1.1,0.5,95
かつお節,356,77.1,2.9,0.8,130
かます,148,18.9,7.2,0.1,120
マガレイ,95,19.6,1.3,0.1,110
マコガレイ,93,18.0,1.8,0.1,120
子持ちがガレイ,143,19.9,6.2,0.1,77
カワハギ,80,18.8,0.1,Tr,110
カンパチ,129,21.0,4.2,0.1,65
キス,80,18.5,0.2,0,100
キチジ,262,13.6,21.7,Tr,75
キビナゴ,93,18.8,1.4,0.1,150
キャビア,263,26.2,17.1,1.1,1600
キングフリップ,78,18.2,0.1,Tr,140
ギンダラ,232,13.6,18.6,Tr,74
キンメダイ,160,17.8,9.0,0.1,59
グチ,83,18.0,0.8,Tr,95
コイ,171,17.7,10.2,0.2,49
マゴチ,100,22.5,0.5,0.2,110
メゴチ,75,17.5,0.1,0.1,160
コノシロ,160,19.0,8.3,0.4,160
カラフトマス,154,21.7,6.6,0.1,64
ギンザケ,204,19.6,12.8,0.3,48
サクラマス,161,20.9,7.7,0.1,53
鮭,133,22.3,4.1,0.1,66
イクラ,272,32.6,15.6,0.2,910
スジコ,282,30.5,17.4,0.9,1900
ニジマス,224,21.4,14.2,0.1,64
ベニザケ,138,22.5,4.5,0.1,57
キングサーモン,200,19.5,12.5,Tr,38
マサバ,247,20.6,16.8,0.3,110
ゴマサバ,146,23.0,5.1,0.3,66
塩サバ,291,26.2,19.1,0.1,720
アブラツノザメ,159,16.8,9.4,Tr,100
ヨシキリザメ,85,18.9,0.6,Tr,210
フカヒレ,342,83.9,1.6,Tr,180
サヨリ,95,19.6,1.3,Tr,190
サワラ,177,20.1,9.7,0.1,65
サンマ,297,17.6,23.6,0.1,130
シイラ,108,21.3,1.9,Tr,50
シシャモ,166,21.0,8.1,0.2,490
シタビラメ,96,19.2,1.6,Tr,140
シマアジ,168,21.9,8.0,0.1,53
シラウオ,77,13.6,2.0,0.1,170
シルバー,153,18.6,7.9,Tr,85
スズキ,123,19.8,4.2,Tr,81
タイ,108,18.6,3.1,0.2,73
クロダイ,150,20.4,6.7,0.3,59
チダイ,105,19.4,2.4,0.1,75
マダイ,142,20.6,5.8,0.1,55
タカサゴ,100,20.2,1.5,0.1,48
タカベ,164,18.7,9.0,Tr,120
タチウオ,266,16.5,20.9,Tr,88
スケトウダラ,76,17.4,0.3,0,100
タラコ,140,24.0,4.7,0.4,1800
明太子,126,21.0,3.3,3.0,2200
マダラ,77,17.6,0.2,0.1,110
シラコ,62,13.4,0.8,0.2,110
チカ,88,19.5,0.6,Tr,250
ドジョウ,79,16.1,1.2,Tr,96
トビウオ,96,21.0,0.7,0.1,64
ナイルティラピア,134,19.8,5.3,0.2,60
ナマズ,159,18.4,8.6,Tr,46
ニギス,91,18.7,1.2,0.1,190
ニシン,216,17.4,15.1,0.1,110
カズノコ,162,25.2,6.7,0.2,320
ハゼ,83,19.1,0.2,0.1,93
ハタハタ,113,14.1,5.7,Tr,180
ハマフエフキ,90,20.5,0.3,0.1,80
ハモ,144,22.3,5.3,Tr,66
ヒラマサ,142,22.6,4.9,0.1,47
ヒラメ,103,20.0,2.0,Tr,46
トラフグ,85,19.3,0.3,0.2,100
マフグ,84,18.9,0.4,Tr,83
フナ,101,18.2,2.5,0.1,30
ブリ,257,21.4,17.6,0.3,32
ハマチ,251,20.7,17.2,0.3,38
ホウボウ,122,19.6,4.2,Tr,110
ホキ,84,17.0,1.3,Tr,160
ホッケ,115,17.3,4.4,0.1,81
ボラ,128,19.2,5.0,0.1,87
ホンモロコ,113,17.5,4.1,0.1,86
キハダ,106,24.3,0.4,Tr,43
クロマグロ,125,26.4,1.4,0.1,49
ビンチョウマグロ,117,26.0,0.7,0.2,38
ミナミマグロ,93,21.6,0.1,0.1,43
メジマグロ,152,25.2,4.8,0.1,42
メバチ,108,22.8,1.2,0.2,49
シーチキン,97,18.3,2.5,0.4,260
はごろも煮,136,19.0,2.3,9.9,760
銀ムツ,272,13.3,22.9,0.1,65
マナガツオ,175,17.1,10.9,Tr,160
ミナミクロタチ,120,21.7,3.0,0.1,120
ミナミダラ,72,16.4,0.3,Tr,220
ムツ,189,16.7,12.6,Tr,85
メジナ,125,19.4,4.5,0.1,91
メバル,109,18.1,3.5,Tr,75
メルルーサ,77,17.0,0.6,Tr,140
ヤツメウナギ,273,15.8,21.8,0.2,49
ヤマメ,119,18.4,4.3,0.3,50
ワカサギ,77,14.4,1.7,0.1,200
アカガイ,74,13.5,0.3,3.5,300
アゲマキ,48,8.1,0.6,2.0,600
アサリ,30,6.0,0.3,0.4,870
アワビ,73,12.7,0.3,4.0,330
イガイ,70,10.3,1.4,3.2,540
イタヤガイ,59,10.8,0.8,1.5,450
エスカルゴ,82,16.5,1.0,0.8,260
牡蠣,60,6.6,1.4,4.7,520
サザエ,89,19.4,0.4,0.8,240
サルボウ,135,15.9,2.2,12.9,870
シジミ,64,7.5,1.4,4.5,180
タイラガイ,100,21.8,0.2,1.5,260
タニシ,80,13.0,1.1,3.6,23
ツブ,86,17.8,0.2,2.3,380
トコブシ,84,16.0,0.4,3.0,260
トリガイ,86,12.9,0.3,6.9,100
バイ,87,16.3,0.6,3.1,220
バカガイ,61,10.9,0.5,2.4,300
ハマグリ,39,6.1,0.6,1.8,780
ホタテ,72,13.5,0.9,1.5,320
ホッキガイ,73,11.1,1.1,3.8,250
ミルガイ,82,18.3,0.4,0.3,330
甘海老,87,19.8,0.3,0.1,300
伊勢海老,92,20.9,0.4,Tr,350
車海老,97,21.6,0.6,Tr,170
桜海老,91,18.2,1.5,Tr,830
大正海老,95,21.7,0.3,0.1,200
芝海老,83,18.7,0.4,0.1,250
バナメイエビ,91,19.6,0.6,0.7,140
ブラックタイガー,82,18.4,0.3,0.3,150
干しエビ,233,48.6,2.8,0.3,1500
ガザミ,65,14.4,0.3,0.3,360
毛ガニ,72,15.8,0.5,0.2,220
ズワイガニ,63,13.9,0.4,0.1,310
タラバガニ,59,13.0,0.3,0.2,340
アカイカ,89,17.9,1.4,Tr,200
ケンサキイカ,84,17.5,1.0,0.1,210
コウイカ,66,14.9,0.3,0.1,280
スルメイカ,83,17.9,0.8,0.1,210
ホタルイカ,84,11.8,3.5,0.2,270
ヤリイカ,85,17.6,1.0,0.4,170
スルメ,334,69.2,4.3,0.4,890
サキイカ,279,45.5,3.1,17.3,2700
塩辛,117,15.2,3.4,6.5,2700
イイダコ,70,14.6,0.8,0.1,250
マダコ,76,16.4,0.7,0.1,280
あみ,233,19.1,1.8,35.1,2700
うに,120,16.0,4.8,3.3,220
オキアミ,94,15.0,3.2,0.2,420
クラゲ,22,5.2,0.1,Tr,110
シャコ,98,19.2,1.7,0.2,310
ナマコ,23,4.6,0.3,0.5,680
コノワタ,64,11.4,1.8,0.5,1800
ホヤ,30,5.0,0.8,0.8,1300
カニカマ,90,12.1,0.5,9.2,850
かまぼこ,95,12.0,0.9,9.7,1000
竹輪,121,12.2,2.0,13.5,830
ツミレ,113,12.0,4.3,6.5,570
ナルト,80,7.6,0.4,11.6,800
ハンペン,94,9.9,1.0,11.4,590
さつま揚げ,139,12.5,3.7,13.9,730
魚肉ハム,158,13.4,6.7,11.1,900
魚肉ソーセージ,161,11.5,7.2,12.6,810
イノシシ,268,18.8,19.8,0.5,45
イノブタ,304,18.1,24.1,0.3,50
うさぎ,146,20.5,6.3,Tr,35
牛肩ロース,411,13.8,37.4,0.2,42
牛小間,403,14.0,36.5,0.2,42
牛リブロース,573,9.7,56.5,0.1,39
牛サーロイン,498,11.7,47.5,0.3,32
牛バラ,517,11.0,50.0,0.1,44
牛モモ,259,19.2,18.7,0.5,45
牛ランプ,347,15.1,29.9,0.4,40
牛ヒレ,223,19.1,15.0,0.3,40
牛ミンチ,272,17.1,21.1,0.3,64
牛タン,356,13.3,31.8,0.2,60
牛ハツ,142,16.5,7.6,0.1,70
牛レバー,132,19.6,3.7,3.7,55
牛マメ,131,16.7,6.4,0.2,80
牛ミノ,182,24.5,8.4,0,51
牛ハチノス,200,12.4,15.7,0,39
牛センマイ,62,11.7,1.3,0,50
牛ギアラ,329,11.1,30.0,0,38
牛ヒモ,287,9.9,26.1,0,77
牛シマチョウ,162,9.3,13.0,0,61
牛テッポウ,115,11.6,7.0,0,87
牛コブクロ,106,18.4,3.0,0,79
牛ハラミ,301,14.9,25.2,0.3,47
ローストビーフ,196,21.7,11.7,0.9,310
コンビーフ,203,19.8,13.0,1.7,690
ビーフジャーキー,315,54.8,7.8,6.4,1900
スモークタン,283,18.1,23.0,0.9,630
馬肉,110,20.1,2.5,0.3,50
鯨肉,106,24.1,0.4,0.2,62
鹿肉,110,22.3,1.5,0.5,58
豚小間,216,18.5,14.6,0.2,53
豚肩ロース,253,17.1,19.2,0.1,54
豚ロース,263,19.3,19.2,0.2,42
豚バラ,395,14.4,35.4,0.1,50
豚モモ,183,20.5,10.2,0.2,47
豚ヒレ,130,22.2,3.7,0.3,56
豚ミンチ,236,17.7,17.2,0.1,57
豚タン,221,15.9,16.3,0.1,80
豚ハツ,135,16.2,7.0,0.1,80
豚レバー,128,20.4,3.4,2.5,55
豚ガツ,121,17.4,5.1,0,100
豚ホルモン,179,11.7,13.8,0,21
豚コブクロ,70,14.6,0.9,0,130
豚足,230,20.1,16.8,Tr,110
ボンレスハム,118,18.7,4.0,1.8,1100
ロースハム,196,16.5,13.9,1.3,1000
ショルダーハム,231,16.1,18.2,0.6,640
生ハム,247,24.0,16.6,0.5,1100
プレスハム,118,15.4,4.5,3.9,930
チョップドハム,135,11.7,4.2,12.7,1000
ベーコン,405,12.9,39.1,0.3,800
ロースベーコン,211,16.8,14.6,3.2,870
ショルダーベーコン,186,17.2,11.9,2.5,940
ウインナー,321,13.2,28.5,3.0,730
セミドライソーセージ,339,15.4,29.7,2.6,1100
ドライソーセージ,497,25.4,43.0,2.1,1400
フランクフルト,298,12.7,24.7,6.2,740
ボロニアソーセージ,251,12.5,21.0,2.9,830
リオナソーセージ,192,14.9,13.1,3.7,910
レバーソーセージ,368,14.7,33.5,1.9,650
ソーセージ,270,11.8,22.7,4.7,850
焼豚,172,19.4,8.2,5.1,930
マトン,225,19.8,15.0,0.2,62
ラム,233,17.1,17.1,0.1,70
ヤギ肉,107,21.9,1.5,0.2,45
うずら肉,208,20.5,12.9,0.1,35
フォアグラ,510,8.3,49.9,1.5,44
真鴨,128,23.6,3.0,0.1,72
合鴨,333,14.2,29.0,0.1,62
アヒル肉,250,14.9,19.8,0.1,67
キジ肉,108,23.0,1.1,0.1,38
七面鳥,106,23.5,0.7,0.1,37
鶏手羽肉,195,23.0,10.4,0,44
鶏胸肉,244,19.5,17.2,0,31
鶏もも肉,253,17.3,19.1,0,42
鶏ささみ,114,24.6,1.1,0,40
鶏手羽先,226,17.4,16.2,0,78
鶏手羽元,197,18.2,12.8,0,80
鶏ミンチ,186,17.5,12.0,0,55
鶏ハツ,207,14.5,15.5,Tr,85
鶏レバー,111,18.9,3.1,0.6,85
鶏砂肝,94,18.3,1.8,Tr,55
鶏軟骨,54,12.5,0.4,0.4,390
チキンナゲット,245,15.5,13.7,14.9,630
鶏つくね,235,15.2,15.2,9.3,720
イナゴ佃煮,247,26.3,1.4,32.3,1900
カエル肉,99,22.3,0.4,0.3,33
スッポン,197,16.4,13.4,0.5,69
ハチノコ,250,16.2,7.2,30.2,680
ピータン,214,13.7,16.5,0,780
烏骨鶏卵,176,12.0,13.0,0.4,140
うずら卵,179,12.6,13.1,0.3,130
鶏卵,151,12.3,10.3,0.3,140
ポーチドエッグ,164,12.3,11.7,0.2,110
卵黄,387,16.5,33.5,0.1,48
卵白,47,10.5,Tr,0.4,180
たまご豆腐,79,6.4,5.0,2.0,370
牛乳,80,3.6,5.1,4.7,55
脱脂粉乳,359,34.0,1.0,53.3,570
無糖練乳,144,6.8,7.9,11.2,140
加糖練乳,332,7.7,8.5,56.0,96
生クリーム,433,2.0,45.0,3.1,27
ホイップクリーム,413,4.0,38.4,12.9,130
コーヒーフレッシュ,228,4.8,21.6,3.7,160
ヨーグルト,62,3.6,3.0,4.9,48
ナチュラルチーズ,356,28.9,25.0,1.4,780
カマンベールチーズ,310,19.1,24.7,0.9,800
クリームチーズ,346,8.2,33.0,2.3,260
ゴーダチーズ,380,25.8,29.0,1.4,800
チェダーチーズ,423,25.7,33.8,1.4,800
パルメザンチーズ,475,44.0,30.8,1.9,1500
ブルーチーズ,349,18.8,29.0,1.0,1500
マスカルポーネチーズ,293,4.4,28.2,4.3,35
モッツァレラチーズ,276,18.4,19.9,4.2,70
リコッタチーズ,162,7.1,11.5,6.7,160
プロセスチーズ,339,22.7,26.0,1.3,1100
アイスクリーム,180,3.9,8.0,23.2,110
ソフトクリーム,146,3.8,5.6,20.1,65
カゼイン,378,86.2,1.5,0,10
シャーベット,127,0.9,1.0,28.7,13
ホエーパウダー,362,12.5,1.2,77.0,690
ヤギ乳,63,3.1,3.6,4.5,35
アマニ油,921,0,100.0,0,0
エゴマ油,921,0,100.0,0,Tr
オリーブ油,921,0,100.0,0,Tr
ごま油,921,0,100.0,0,Tr
米ぬか油,921,0,100.0,0,0
大豆油,921,0,100.0,0,0
とうもろこし油,921,0,100.0,0,0
なたね油,921,0,100.0,0,0
パーム油,921,0,100.0,0,0
サラダ油,921,0,100.0,0,0
ぶどう油,921,0,100.0,0,0
綿実油,921,0,100.0,0,0
やし油,921,0,100.0,0,0
落花生油,921,0,100.0,0,0
牛脂,940,0.2,99.8,0,1
ラード,941,0,100.0,0,0
バター(有塩),745,0.6,81.0,0.2,750
バター(無塩),763,0.5,83.0,0.2,11
発酵バター,752,0.6,80.0,4.4,510
マーガリン,769,0.4,83.1,0.4,500
ファットスプレッド,637,0.2,69.1,0,420
ショートニング,920,0,99.9,0,0
甘納豆(あずき)　　　,296,5.6,0.6,67.1,45
甘納豆(いんげんまめ),302,5.5,1.1,67.6,67
甘納豆(えんどう),310,5.2,1.0,70.1,88
今川焼,221,4.5,1.0,48.5,59
ういろう,183,1.1,0.2,44.1,1
うぐいす餅,241,3.6,0.4,55.7,36
柏餅,206,4.0,0.4,46.7,55
カステラ,319,6.2,4.6,63.2,54
カルカン,230,2.1,0.3,54.7,2
きび団子,304,1.7,0.3,73.5,1
ぎゅうひ,257,1.3,0.2,62.5,1
きんつば,265,6.0,0.7,58.6,130
草餅,229,4.2,0.4,52.1,17
みたらし団子,197,3.1,0.4,45.2,250
くず餅,91,0.1,0.1,22.5,1
五平餅,181,3.0,0.5,41.0,230
桜餅,239,4.5,0.4,54.3,45
笹団子,239,3.9,0.5,54.7,26
大福,235,4.8,0.5,52.8,46
ちまき,153,1.3,0.2,36.4,1
どら焼き,284,6.6,2.5,58.7,140
生八橋,279,4.5,0.4,64.3,18
ねりきり,264,5.3,0.3,60.1,2
カステラまんじゅう,294,6.6,1.6,63.4,44
葛まんじゅう,220,3.1,0.2,51.4,45
栗まんじゅう,309,6.0,1.3,68.2,25
唐まんじゅう,297,6.2,2.1,63.4,24
蒸し饅頭,260,4.9,0.4,59.2,63
あんまん,280,6.1,5.7,51.1,11
肉まん,260,10.0,5.1,43.5,460
もなか,285,4.8,0.4,65.6,2
ゆべし,327,2.4,3.5,71.2,230
練り羊羹,296,3.6,0.2,70.0,3
水羊羹,171,2.6,0.1,40.0,57
蒸し羊羹,242,4.4,0.3,55.4,83
芋かりんとう,476,1.4,20.5,71.3,13
おこし,383,3.8,0.8,90.1,95
おのろけ豆,448,11.7,13.5,69.8,390
かりんとう,440,7.6,11.6,76.3,7
清酒,109,0.4,Tr,4.9,2
純米酒,103,0.4,Tr,3.6,4
吟醸酒,104,0.3,0,3.6,2
ビール,40,0.3,0,3.1,3
発泡酒,45,0.1,0,3.6,1
白ワイン,73,0.1,Tr,2.0,3
赤ワイン,73,0.2,Tr,1.5,2
ロゼワイン,77,0.1,Tr,4.0,4
紹興酒,127,1.7,Tr,5.1,15
焼酎,206,0,0,0,-
ウィスキー,237,0,0,0,2
ブランデー,237,0,0,0,4
ウォッカ,240,0,0,Tr,Tr
ジン,284,0,Tr,0.1,Tr
ラム,240,0,Tr,0.1,3
マオタイ酒,322,0,0,0,Tr
梅酒,156,0.1,Tr,20.7,4
本みりん,241,0.3,Tr,43.2,3
キュラソー,322,Tr,Tr,26.4,1
スイートワイン,133,0.1,0,13.4,5
ペパーミント酒,302,0,0,37.6,4
ベルモット酒,152,0.1,0,16.4,4
緑茶,329,29.1,4.1,43.9,11
抹茶,324,29.6,5.3,39.5,6
煎茶,331,24.5,4.7,47.7,3
番茶,0,Tr,0,0.1,2
ほうじ茶,0,Tr,0,0.1,1
玄米茶,0,0,0,0,2
烏龍茶,0,Tr,0,0.1,1
紅茶,311,20.3,2.5,51.7,3
コーヒー,4,0.2,Tr,0.7,1
インスタントコーヒー,288,14.7,0.3,56.5,32
ココア,271,18.5,21.6,42.4,16
ミルクココア,412,7.4,6.8,80.4,270
青汁,375,13.8,4.4,70.2,230
甘酒,81,1.7,0.1,18.3,60
昆布茶,98,5.7,0.4,42.3,19000
スポーツドリンク,21,0,Tr,5.1,31
コーラ,46,0.1,Tr,11.4,2
サイダー,41,Tr,Tr,10.2,4
麦茶,1,Tr,0,0.3,1
ウスターソース,117,1.0,0.1,26.8,3300
中濃ソース,132,0.8,0.1,30.8,2300
お好み焼きソース,148,1.6,0.1,34.3,2000
豆板醤,60,2.0,2.3,7.9,7000
チリペッパーソース,55,0.7,0.5,5.2,630
ラー油,919,0.1,99.8,Tr,Tr
濃口醤油,71,7.7,0,10.1,5700
薄口醤油,54,5.7,0,7.8,6300
たまり醤油,111,11.8,0,15.9,5100
白醤油,87,2.5,0,19.2,5600
だし醤油,37,4.0,0,5.2,2900
食塩,0,0,0,0,39000
並塩,0,0,0,0,38000
精製塩,0,0,0,0,39000
黒酢,54,1.0,0,9.0,10
穀物酢,25,0.1,0,2.4,6
米酢,46,0.2,0,7.4,12
バルサミコ酢,99,0.5,0,19.4,29
ぶどう酢,22,0.1,Tr,1.2,4
リンゴ酢,26,0.1,0,2.4,18
鰹だし,3,0.5,0.1,Tr,20
昆布だし,4,0.1,Tr,0.9,61
椎茸だし,4,0.1,0,0.9,3
煮干しだし,1,0.1,0.1,Tr,38
鶏ガラ,7,1.1,0.2,Tr,30
中華だし,3,0.8,0,Tr,20
コンソメ,6,1.3,0,0.3,180
おでんだし,168,9.6,0.1,32.2,22000
めんつゆ(ストレート),44,2.2,0,8.7,1300
めんつゆ(3倍濃縮),98,4.5,0,20.0,3900
甘酢,125,0.1,0,28.4,470
オイスターソース,107,7.7,0.3,18.3,4500
黄身酢,230,6.5,13.0,20.3,2300
ごま酢,217,4.0,8.0,30.2,680
ごまダレ,285,7.4,14.1,30.1,1700
三杯酢,86,0.9,0,18.1,780
二杯酢,57,3.5,0,8.6,2500
すし酢,107,0.1,0,23.8,3400
デミグラスソース,82,2.9,3.0,11.0,520
甜麺醤,256,8.5,7.7,38.1,2900
ナンプラー,48,9.1,0.1,2.7,9000
ホワイトソース,99,1.8,6.2,9.2,380
ポン酢しょうゆ,47,3.4,0.1,8.2,2300
ミートソース,101,3.8,5.0,10.1,610
焼き鳥のタレ,169,4.3,2.2,33.1,3300
柚子こしょう,49,1.3,0.8,9.3,9900
トマトピューレ,41,1.9,0.1,9.9,19
トマトペースト,89,3.8,0.1,22.0,55
ケチャップ,119,1.7,Tr,27.4,1300
トマトソース,44,2.0,0.2,8.5,240
チリソース,115,1.8,0.1,26.3,1200
フレンチドレッシング,406,0.1,41.9,5.9,1200
和風ドレッシング,198,2.2,18.4,5.1,1500
胡麻ドレッシング,360,8.5,26.3,21.2,1100
サウザンアイランドドレッシング,416,1.0,41.4,9.2,1400
マヨネーズ,703,1.5,75.3,4.5,690
米味噌,217,9.7,3.0,37.9,2400
麦味噌,198,9.7,4.3,30.0,4200
豆味噌,217,17.2,10.5,14.5,4300
減塩味噌,192,10.8,5.7,24.5,4100
合わせ味噌,194,13.2,5.7,22.4,5600
辛子酢味噌,221,5.0,2.1,44.6,1300
胡麻味噌,258,9.4,9.9,32.9,1600
酢味噌,216,4.9,1.5,44.8,1200
練り味噌,273,5.5,1.7,59.0,1400
カレールウ,512,6.5,34.1,44.7,4200
ハヤシルウ,512,5.8,33.2,47.5,4200
酒かす,227,14.9,1.5,23.8,5
みりん風調味料,226,0.1,0,54.9,68
オールスパイス,374,5.6,5.6,75.2,53
オニオンパウダー,364,8.8,1.1,79.8,52
和からし(粉),436,33.0,14.3,43.7,34
和からし(練り),315,5.9,14.5,40.1,2900
マスタード,174,4.8,10.6,13.1,1200
粒入りマスタード,229,7.6,16.0,12.7,1600
カレー粉,415,13.0,12.2,63.3,40
クローブ,417,7.2,13.6,66.4,280
黒コショウ,364,11.0,6.0,66.6,65
白コショウ,378,10.1,6.4,70.1,4
山椒,375,10.3,6.2,69.6,10
シナモン,364,3.6,3.5,79.6,23
おろし生姜,43,0.7,0.6,8.6,580
セージ,384,6.4,10.1,66.9,120
タイム,352,6.5,5.2,69.8,13
チリパウダー,374,15.0,8.2,60.1,2500
唐辛子粉,419,16.2,9.7,66.8,4
ナツメグ,559,5.7,38.5,47.5,15
ガーリックパウダー,382,19.9,0.8,73.8,18
おろしニンニク,171,4.7,0.5,37.0,1800
バジル(乾),307,21.1,2.2,50.6,59
パセリ(乾),341,28.7,2.2,51.6,880
パプリカ(乾),389,15.5,11.6,55.6,60
わさび(粉),384,16.5,4.4,69.7,30
わさび(練り),265,3.3,10.3,39.8,2400
パン酵母(圧搾),103,16.5,1.5,12.1,39
パン酵母(乾燥),313,37.1,6.8,43.1,120
天ぷら用バッター,137,3.4,0.5,29.7,81
ベーキングパウダー,127,Tr,1.2,29.0,6800
ビーフカレー(レトルトパウチ),118,3.3,7.3,9.8,510
コーンクリームスープ(粉),425,8.1,13.7,67.4,2800
コーンクリームスープ(レトルト),86,2.0,4.8,8.6,280
ビーフカレー(レトルト),118,6.0,7.2,7.4,290