原材料名,個,大さじ,小さじ,カップ,合,升,切れ,片,丁,本,束,枚,尾,杯
オートミール,,6,2,80,,,,,,,,,,
薄力粉,,9,3,110,,,,,,,,,,
中力粉,,9,3,110,,,,,,,,,,
強力粉,,9,3,110,,,,,,,,,,
小麦粉,,9,3,110,,,,,,,,,,
パン粉(生),,3,1,40,,,,,,,,,,
パン粉(乾燥),,4,2,45,,,,,,,,,,
玄米,,,,,150,1500,,,,,,,,
お米,,,,,140,1400,,,,,,,,
お米(うるち米),,,,,140,1400,,,,,,,,
お米(もち米),,,,,140,1400,,,,,,,,
胚芽精米,,,,,140,1400,,,,,,,,
発芽玄米,,,,,150,1500,,,,,,,,
上新粉,,9,3,130,,,,,,,,,,
玄米粉,,7,2,85,,,,,,,,,,
米粉,,9,3,100,,,,,,,,,,
白玉粉,,9,3,110,,,,,,,,,,
道明寺粉,,12,4,150,,,,,,,,,,
コーングリッツ,,9,3,130,,,,,,,,,,
コーンフラワー,,8,3,120,,,,,,,,,,
さつま芋,250,,,,,,,,,,,,,
里芋,50,,,,,,,,,,,,,
じゃが芋,150,,,,,,,,,,,,,
くず粉,,9,3,130,,,,,,,,,,
米でん粉,,9,3,130,,,,,,,,,,
小麦でん粉,,9,3,130,,,,,,,,,,
サゴでん粉,,9,3,130,,,,,,,,,,
さつまいもでん粉,,9,3,130,,,,,,,,,,
片栗粉,,9,3,130,,,,,,,,,,
とうもろこしでん粉,,9,3,130,,,,,,,,,,
黒砂糖,,9,3,130,,,,,,,,,,
和三盆糖,,9,3,130,,,,,,,,,,
上白糖,,9,3,130,,,,,,,,,,
砂糖,,9,3,130,,,,,,,,,,
三温糖,,9,3,130,,,,,,,,,,
グラニュー糖,,12,4,180,,,,,,,,,,
ざらめ,,15,5,200,,,,,,,,,,
角砂糖,4,,,,,,,,,,,,,
コーヒーシュガー,,8,3,110,,,,,,,,,,
粉糖,,9,3,,,,,,,,,,,
水あめ,,21,7,280,,,,,,,,,,
ぶどう糖,,21,7,280,,,,,,,,,,
果糖,,21,7,280,,,,,,,,,,
黒蜜,,21,7,280,,,,,,,,,,
はちみつ,,21,7,280,,,,,,,,,,
メープルシロップ,,21,7,280,,,,,,,,,,
木綿豆腐,,,,,,,,,350,,,,,
絹ごし豆腐,,,,,,,,,350,,,,,
沖縄豆腐,,,,,,,,,350,,,,,
ゆし豆腐,,,,,,,,,350,,,,,
焼き豆腐,,,,,,,,,350,,,,,
金山寺味噌,,18,6,230,,,,,,,,,,
ひしお味噌,,18,6,230,,,,,,,,,,
ココナッツパウダー,,9,3,120,,,,,,,,,,
ごま,,9,3,120,,,,,,,,,,
ねりごま,,15,5,210,,,,,,,,,,
ピーナッツバター,,12,6,,,,,,,,,,,
アスパラガス,,,,,,,,,,20,100,,,
エンダイブ,,,,,,,,,,,,,,
トウミョウ,,,,,,,,,,,,,,
さやえんどう,,,,,,,,,,,,,,
スナップえんどう,,,,,,,,,,,,,,
グリンピース,,,,,,,,,,,,,,
大阪しろ菜,,,,,,,,,,,,,,
おかひじき,,,,,,,,,,,,,,
オクラ,,,,,,,,,,,,,,
かぶ,80,,,,,,,,,,,,,
かぶの漬物,,,,,,,,,,,,,,
かぶのぬか漬,,,,,,,,,,,,,,
かぼちゃ,1200,,,,,,,,,,,,,
西洋かぼちゃ,,,,,,,,,,,,,,
からし菜,,,,,,,,,,,,,,
カリフラワー,500,,,,,,,,,,,,,
かんぴょう,,,,,,,,,,,,,,
菊の花,,,,,,,,,,,,,,
菊のり,,,,,,,,,,,,,,
キャベツ,1200,,,,,,,,,,,,,
グリーンボール,,,,,,,,,,,,,,
レッドキャベツ,,,,,,,,,,,,,,
きゅうり,,,,,,,,,,100,,,,
きゅうりの塩漬,,,,,,,,,,,,,,
きゅうりのしょうゆ漬,,,,,,,,,,,,,,
きゅうりのぬか漬,,,,,,,,,,,,,,
ピクルス(スイート型),,,,,,,,,,,,,,
ピクルス(サワー型),,,,,,,,,,,,,,
キンツァイ,,,,,,,,,,,,,,
クレソン,,,,,,,,,,,,,,
くわい,,,,,,,,,,,,,,
ケール,,,,,,,,,,,,,,
コールラビ,,,,,,,,,,,,,,
こごみ,,,,,,,,,,,,,,
ごぼう,,,,,,,,,,150,,,,
ザーサイ,,,,,,,,,,,,,,
山東菜,,,,,,,,,,,,,,
四角豆,,,,,,,,,,,,,,
ししとう,,,,,,,,,,,,,,
しそ(葉),,,,,,,,,,,,,,
しそ(実),,,,,,,,,,,,,,
十六ささげ,,,,,,,,,,,,,,
春菊,,,,,,,,,,,200,,,
じゅんさい,,,,,,,,,,,,,,
葉しょうが,,,,,,,,,,,,,,
しょうが,,,,,,,,12,,,,,,
ガリ,,,,,,,,,,,,,,
白瓜,,,,,,,,,,,,,,
白瓜(塩漬),,,,,,,,,,,,,,
白瓜(奈良漬),,,,,,,,,,,,,,
ずいき,,,,,,,,,,,,,,
ずいき(乾),,,,,,,,,,,,,,
すぐき菜,,,,,,,,,,,,,,
ズッキーニ,,,,,,,,,,200,,,,
せり,,,,,,,,,,,,,,
セロリ,,,,,,,,,,100,,,,
ぜんまい,,,,,,,,,,,,,,
そらまめ,,,,,,,,,,,,,,
タアサイ,,,,,,,,,,,,,,
かいわれだいこん,,,,,,,,,,,,,,
大根,,,,,,,,,,1000,,,,
切干しだいこん(乾),,,,,,,,,,,,,,
ぬか漬,,,,,,,,,,,,,,
たくあん,,,,,,,,,,,,,,
べったら漬,,,,,,,,,,,,,,
福神漬,,,,,,,,,,,,,,
高菜,,,,,,,,,,,,,,
高菜漬,,,,,,,,,,,,,,
竹の子,200,,,,,,,,,,,,,
メンマ,,,,,,,,,,,,,,
たまねぎ,200,,,,,,,,,,,,,
赤たまねぎ,,,,,,,,,,,,,,
葉たまねぎ,,,,,,,,,,,,,,
タラの芽,,,,,,,,,,,,,,
チコリ,,,,,,,,,,,,,,
チンゲンサイ,,,,,,,,,,,,,,
つくし,,,,,,,,,,,,,,
つるな,,,,,,,,,,,,,,
つるむらさき,,,,,,,,,,,,,,
つわぶき,,,,,,,,,,,,,,
とうがらし,,,,,,,,,,,,,,
冬瓜,,,,,,,,,,,,,,
スイートコーン,,,,,,,,,,350,,,,
ヤングコーン,,,,,,,,,,,,,,
トマト,170,,,,,,,,,,,,,
ミニトマト,,,,,,,,,,,,,,
ホールトマト缶,,,,,,,,,,,,,,
トマトジュース,,,,,,,,,,,,,,
トレビス,,,,,,,,,,,,,,
とんぶり,,,,,,,,,,,,,,
長崎白菜,,,,,,,,,,,,,,
ナス,,,,,,,,,,,,,,
米ナス,,,,,,,,,,,,,,
なずな,,,,,,,,,,,,,,
菜花,,,,,,,,,,,,,,
ゴーヤ,,,,,,,,,,250,,,,
にら,,,,,,,,,,,100,,,
人参,,,,,,,,,,170,,,,
人参グラッセ,,,,,,,,,,,,,,
人参ジュース,,,,,,,,,,,,,,
葉ニンニク,,,,,,,,,,,,,,
ねぎ,,,,,,,,,,100,,,,
葉ねぎ,,,,,,,,,,,,,,
小ネギ,,,,,,,,,,7,55,,,
野沢菜,,,,,,,,,,,,,,
野沢菜漬,,,,,,,,,,,,,,
のびる,,,,,,,,,,,,,,
白菜,2000,,,,,,,,,,,,,
白菜漬,,,,,,,,,,,,,,
キムチ,,,,,,,,,,,,,,
パクチー,,,,,,,,,,,,,,
バジル,,,,,,,,,,,,,,
パセリ,,,,,,,,,,,,,,
二十日大根,,,,,,,,,,,,,,
はやとうり,,,,,,,,,,,,,,
ビーツ,,,,,,,,,,,,,,
ピーマン,35,,,,,,,,,,,,,
赤ピーマン,150,,,,,,,,,,,,,
黄ピーマン,150,,,,,,,,,,,,,
トマピー,,,,,,,,,,,,,,
日野菜,,,,,,,,,,,,,,
広島菜,,,,,,,,,,,,,,
ふき,,,,,,,,,,,,,,
ふきのとう,,,,,,,,,,,,,,
藤豆,,,,,,,,,,,,,,
フダンソウ,,,,,,,,,,,,,,
ブロッコリー,200,,,,,,,,,,,,,
へちま,,,,,,,,,,,,,,
ほうれん草,,,,,,,,,,,200,,,
ホースラディシュ,,,,,,,,,,,,,,
まこも,,,,,,,,,,,,,,
水かけ菜,,,,,,,,,,,,,,
水菜,,,,,,,,,,,200,,,
三つ葉,,,,,,,,,,,,,,
壬生菜,,,,,,,,,,,,,,
みょうが,,,,,,,,,,,,,,
みょうがたけ,,,,,,,,,,,,,,
むかご,,,,,,,,,,,,,,
芽キャベツ,,,,,,,,,,,,,,
めたで,,,,,,,,,,,,,,
もやし,250,,,,,,,,,,,,,
ブラックマッペもやし,250,,,,,,,,,,,,,
緑豆もやし,250,,,,,,,,,,,,,
モロヘイヤ,,,,,,,,,,,,,,
やまごぼう(みそ漬),,,,,,,,,,,,,,
ゆりね,,,,,,,,,,,,,,
ヨウサイ,,,,,,,,,,,,,,
ヨメナ,,,,,,,,,,,,,,
落花生,,,,,,,,,,,,,,
らっきょう,,,,,,,,,,,,,,
エシャロット,,,,,,,,,,,,,,
リーキ,,,,,,,,,,,,,,
ルッコラ,,,,,,,,,,,,,,
ルバーブ,,,,,,,,,,,,,,
レタス,300,,,,,,,,,,,,,
サラダ菜,300,,,,,,,,,,,,,
リーフレタス,300,,,,,,,,,,,,,
サニーレタス,300,,,,,,,,,,,,,
サンチュ,,,,,,,,,,,,,,
コスレタス,,,,,,,,,,,,,,
レンコン,180,,,,,,,,,,,,,
わけぎ,,,,,,,,,,,,,,
ワサビ,,,,,,,,,,,,,,
わさび漬,,,,,,,,,,,,,,
わらび,,,,,,,,,,,,,,
あけび,,,,,,,,,,,,,,
アセロラ,,,,,,,,,,,,,,
アテモヤ,,,,,,,,,,,,,,
アボカド,,,,,,,,,,,,,,
あんず,,,,,,,,,,,,,,
あんず(乾),,,,,,,,,,,,,,
あんずジャム,,,,,,,,,,,,,,
いちご,,,,,,,,,,,,,,
いちごジャム,,,,,,,,,,,,,,
ドライいちご,,,,,,,,,,,,,,
いちじく(生),,,,,,,,,,,,,,
いちじく(乾),,,,,,,,,,,,,,
梅干し,,,,,,,,,,,,,,
グリーンオリーブ,,,,,,,,,,,,,,
オリーブ,,,,,,,,,,,,,,
スタッフドオリーブ,,,,,,,,,,,,,,
柿,150,,,,,,,,,,,,,
干し柿,,,,,,,,,,,,,,
かりん,,,,,,,,,,,,,,
伊予柑,,,,,,,,,,,,,,
温州みかん,100,,,,,,,,,,,,,
オレンジ,250,,,,,,,,,,,,,
マーマレード,,,,,,,,,,,,,,
オロブランコ,,,,,,,,,,,,,,
かぼす,,,,,,,,,,,,,,
河内晩柑,,,,,,,,,,,,,,
清見,,,,,,,,,,,,,,
金柑,,,,,,,,,,,,,,
グレープフルーツ,400,,,,,,,,,,,,,
三宝柑,,,,,,,,,,,,,,
シークヮーサー,,,,,,,,,,,,,,
不知火,,,,,,,,,,,,,,
すだち,,,,,,,,,,,,,,
せとか,,,,,,,,,,,,,,
セミノール,,,,,,,,,,,,,,
だいだい,,,,,,,,,,,,,,
夏みかん,,,,,,,,,,,,,,
八朔,,,,,,,,,,,,,,
はるみ,,,,,,,,,,,,,,
日向夏,,,,,,,,,,,,,,
文旦,,,,,,,,,,,,,,
ポンカン,,,,,,,,,,,,,,
ゆず,,,,,,,,,,,,,,
ライム,,,,,,,,,,,,,,
レモン,150,,,,,,,,,,,,,
キウイ,120,,,,,,,,,,,,,
キワノ,,,,,,,,,,,,,,
グァバ,,,,,,,,,,,,,,
グーズベリー,,,,,,,,,,,,,,
ぐみ,,,,,,,,,,,,,,
ココナッツウォーター,,,,,,,,,,,,,,
ココナッツミルク,,,,,,,,,,,,,,
ナタデココ,,,,,,,,,,,,,,
さくらんぼ,,,,,,,,,,,,,,
ざくろ,,,,,,,,,,,,,,
すいか,,,,,,,,,,,,,,
スターフルーツ,,,,,,,,,,,,,,
すもも,,,,,,,,,,,,,,
プルーン(生),,,,,,,,,,,,,,
プルーン(乾),,,,,,,,,,,,,,
チェリモヤ,,,,,,,,,,,,,,
ドラゴンフルーツ,,,,,,,,,,,,,,
ドリアン,,,,,,,,,,,,,,
梨,,,,,,,,,,,,,,
洋梨,,,,,,,,,,,,,,
なつめ,,,,,,,,,,,,,,
なつめやし,,,,,,,,,,,,,,
パインアップル,1200,,,,,,,,,,,,,
パイナップルジュース,,,,,,,,,,,,,,
ハスカップ,,,,,,,,,,,,,,
パッションフルーツ,,,,,,,,,,,,,,
バナナ,,,,,,,,,,150,,,,
ドライバナナ,,,,,,,,,,,,,,
パパイヤ,,,,,,,,,,,,,,
びわ,,,,,,,,,,,,,,
ぶどう,,,,,,,,,,,,,,
干しぶどう,,,,,,,,,,,,,,
ぶどうジャム,,,,,,,,,,,,,,
ブルーベリー,,,,,,,,,,,,,,
ブルーベリージャム,,,,,,,,,,,,,,
ホワイトサポテ,,,,,,,,,,,,,,
マクワ瓜,,,,,,,,,,,,,,
マルメロ,,,,,,,,,,,,,,
マンゴー,360,,,,,,,,,,,,,
マンゴスチン,,,,,,,,,,,,,,
メロン,2000,,,,,,,,,,,,,
桃,,,,,,,,,,,,,,
ネクター,,,,,,,,,,,,,,
ネクタリン,,,,,,,,,,,,,,
ヤマモモ,,,,,,,,,,,,,,
ライチ,,,,,,,,,,,,,,
ラズベリー,,,,,,,,,,,,,,
竜眼,,,,,,,,,,,,,,
りんご,350,,,,,,,,,,,,,
りんごジュース,,,,,,,,,,,,,,
りんごジャム,,,,,,,,,,,,,,
エノキダケ,100,,,,,,,,,,,,,
アラゲキクラゲ,,,,,,,,,,,,,,
キクラゲ,,,,,,,,,,,,,,
黒あわび茸,,,,,,,,,,,,,,
椎茸,100,,,,,,,,,,,,,
椎茸(乾),,,,,,,,,,,,,,
しめじ,100,,,,,,,,,,,,,
ぶなしめじ,,,,,,,,,,,,,,
ほんしめじ,,,,,,,,,,,,,,
タモギダケ,,,,,,,,,,,,,,
なめこ,,,,,,,,,,,,,,
ヌメリスギダケ,,,,,,,,,,,,,,
ウスヒラケ,,,,,,,,,,,,,,
エリンギ,100,,,,,,,,,,,,,
ヒラタケ,,,,,,,,,,,,,,
舞茸,100,,,,,,,,,,,,,
マッシュルーム,150,,,,,,,,,,,,,
松茸,,,,,,,,,,,,,,
柳松茸,,,,,,,,,,,,,,
あおさ,,,,,,,,,,,,,,
青のり,,,,,,,,,,,,,,
あま海苔,,,,,,,,,,,,,,
焼き海苔,,,,,,,,,,,,,,
味付け海苔,,,,,,,,,,,,,,
あらめ,,,,,,,,,,,,,,
岩海苔,,,,,,,,,,,,,,
海ぶどう,,,,,,,,,,,,,,
エゴノリ,,,,,,,,,,,,,,
オゴノリ,,,,,,,,,,,,,,
川海苔,,,,,,,,,,,,,,
昆布,,,,,,,,,,,,,,
刻み昆布,,,,,,,,,,,,,,
削り昆布,,,,,,,,,,,,,,
塩昆布,,,,,,,,,,,,,,
水前寺のり,,,,,,,,,,,,,,
てんぐさ,,,,,,,,,,,,,,
ところてん,,,,,,,,,,,,,,
角寒天,,,,,,,,,,,,,,
寒天,,,,,,,,,,,,,,
粉寒天,,,,,,,,,,,,,,
とさかのり,,,,,,,,,,,,,,
ひじき,,,,,,,,,,,,,,
ヒトエグサ,,,,,,,,,,,,,,
布海苔,,,,,,,,,,,,,,
まつも,,,,,,,,,,,,,,
むかでのり,,,,,,,,,,,,,,
もずく,,,,,,,,,,,,,,
わかめ,,,,,,,,,,,,,,
茎わかめ,,,,,,,,,,,,,,
めかぶ,,,,,,,,,,,,,,
アイナメ,,,,,,,,,,,,,,
アコウダイ,,,,,,,,,,,,,,
マアジ,,,,,,,,,,,,,150,
マルアジ,,,,,,,,,,,,,,
ニシマアジ,,,,,,,,,,,,,,
ムロアジ,,,,,,,,,,,,,,
くさや,,,,,,,,,,,,,,
アナゴ,,,,,,,,,,,,,,
アマダイ,,,,,,,,,,,,,,
アユ,,,,,,,,,,,,,,
アカウオ,,,,,,,,,,,,,,
アンコウ,,,,,,,,,,,,,,
あん肝,,,,,,,,,,,,,,
イカナゴ,,,,,,,,,,,,,,
イサキ,,,,,,,,,,,,,,
イシダイ,,,,,,,,,,,,,,
イトヨリダイ,,,,,,,,,,,,,,
イボダイ,,,,,,,,,,,,,,
ウルメイワシ,,,,,,,,,,,,,,
カタクチイワシ,,,,,,,,,,,,,,
マイワシ,,,,,,,,,,,,,100,
メザシ,,,,,,,,,,,,,,
しらす,,,,,,,,,,,,,,
タタミイワシ,,,,,,,,,,,,,,
アンチョビ,,,,,,,,,,,,,,
イワナ,,,,,,,,,,,,,,
ウグイ,,,,,,,,,,,,,,
ウナギ,,,,,,,,,,,,,,
うなぎ(肝),,,,,,,,,,,,,,
ウマヅラハギ,,,,,,,,,,,,,,
エイ,,,,,,,,,,,,,,
エソ,,,,,,,,,,,,,,
オイカワ,,,,,,,,,,,,,,
オオサガ,,,,,,,,,,,,,,
オコゼ,,,,,,,,,,,,,,
オヒョウ,,,,,,,,,,,,,,
カサゴ,,,,,,,,,,,,,,
カジカ,,,,,,,,,,,,,,
クロカジキ,,,,,,,100,,,,,,,
マカジキ,,,,,,,100,,,,,,,
メカジキ,,,,,,,100,,,,,,,
カツオ,,,,,,,,,,,,,,
ソウダガツオ,,,,,,,,,,,,,,
なまり節,,,,,,,,,,,,,,
かつお節,,,,,,,,,,,,,,
かます,,,,,,,,,,,,,,
マガレイ,,,,,,,,,,,,,,
マコガレイ,,,,,,,,,,,,,,
子持ちがガレイ,,,,,,,,,,,,,,
カワハギ,,,,,,,,,,,,,,
カンパチ,,,,,,,,,,,,,,
キス,,,,,,,,,,,,,,
キチジ,,,,,,,,,,,,,,
キビナゴ,,,,,,,,,,,,,,
キャビア,,,,,,,,,,,,,,
キングフリップ,,,,,,,,,,,,,,
ギンダラ,,,,,,,,,,,,,,
キンメダイ,,,,,,,,,,,,,,
グチ,,,,,,,,,,,,,,
コイ,,,,,,,,,,,,,,
マゴチ,,,,,,,,,,,,,,
メゴチ,,,,,,,,,,,,,,
コノシロ,,,,,,,,,,,,,,
カラフトマス,,,,,,,,,,,,,,
ギンザケ,,,,,,,,,,,,,,
サクラマス,,,,,,,,,,,,,,
鮭,,,,,,,100,,,,,,,
イクラ,,,,,,,,,,,,,,
スジコ,,,,,,,,,,,,,,
ニジマス,,,,,,,,,,,,,,
ベニザケ,,,,,,,,,,,,,,
キングサーモン,,,,,,,,,,,,,,
マサバ,,,,,,,80,,,,,,,
ゴマサバ,,,,,,,80,,,,,,,
塩サバ,,,,,,,80,,,,,,,
アブラツノザメ,,,,,,,,,,,,,,
ヨシキリザメ,,,,,,,,,,,,,,
フカヒレ,,,,,,,,,,,,,,
サヨリ,,,,,,,,,,,,,,
サワラ,,,,,,,,,,,,,,
サンマ,,,,,,,,,,,,,150,
シイラ,,,,,,,,,,,,,,
シシャモ,,,,,,,,,,,,,,
シタビラメ,,,,,,,,,,,,,,
シマアジ,,,,,,,,,,,,,,
シラウオ,,,,,,,,,,,,,,
シルバー,,,,,,,,,,,,,,
スズキ,,,,,,,,,,,,,,
タイ,,,,,,,,,,,,,,
クロダイ,,,,,,,,,,,,,,
チダイ,,,,,,,,,,,,,,
マダイ,,,,,,,,,,,,,,
タカサゴ,,,,,,,,,,,,,,
タカベ,,,,,,,,,,,,,,
タチウオ,,,,,,,,,,,,,,
スケトウダラ,,,,,,,,,,,,,,
タラコ,,,,,,,,,,,,,,
明太子,,,,,,,,,,,,,,
マダラ,,,,,,,100,,,,,,,
シラコ,,,,,,,,,,,,,,
チカ,,,,,,,,,,,,,,
ドジョウ,,,,,,,,,,,,,,
トビウオ,,,,,,,,,,,,,,
ナイルティラピア,,,,,,,,,,,,,,
ナマズ,,,,,,,,,,,,,,
ニギス,,,,,,,,,,,,,,
ニシン,,,,,,,,,,,,,,
カズノコ,,,,,,,,,,,,,,
ハゼ,,,,,,,,,,,,,,
ハタハタ,,,,,,,,,,,,,,
ハマフエフキ,,,,,,,,,,,,,,
ハモ,,,,,,,,,,,,,,
ヒラマサ,,,,,,,,,,,,,,
ヒラメ,,,,,,,,,,,,,,
トラフグ,,,,,,,,,,,,,,
マフグ,,,,,,,,,,,,,,
フナ,,,,,,,,,,,,,,
ブリ,,,,,,,,,,,,,,
ハマチ,,,,,,,,,,,,,,
ホウボウ,,,,,,,,,,,,,,
ホキ,,,,,,,,,,,,,,
ホッケ,,,,,,,,,,,,,,
ボラ,,,,,,,,,,,,,,
ホンモロコ,,,,,,,,,,,,,,
キハダ,,,,,,,,,,,,,,
クロマグロ,,,,,,,,,,,,,,
ビンチョウマグロ,,,,,,,,,,,,,,
ミナミマグロ,,,,,,,,,,,,,,
メジマグロ,,,,,,,,,,,,,,
メバチ,,,,,,,,,,,,,,
シーチキン,,,,,,,,,,,,,,
はごろも煮,,,,,,,,,,,,,,
銀ムツ,,,,,,,,,,,,,,
マナガツオ,,,,,,,,,,,,,,
ミナミクロタチ,,,,,,,,,,,,,,
ミナミダラ,,,,,,,,,,,,,,
ムツ,,,,,,,,,,,,,,
メジナ,,,,,,,,,,,,,,
メバル,,,,,,,,,,,,,,
メルルーサ,,,,,,,,,,,,,,
ヤツメウナギ,,,,,,,,,,,,,,
ヤマメ,,,,,,,,,,,,,,
ワカサギ,,,,,,,,,,,,,,
アカガイ,,,,,,,,,,,,,,
アゲマキ,,,,,,,,,,,,,,
アサリ,10,,,,,,,,,,,,,
アワビ,,,,,,,,,,,,,,
イガイ,,,,,,,,,,,,,,
イタヤガイ,,,,,,,,,,,,,,
エスカルゴ,,,,,,,,,,,,,,
牡蠣,,,,,,,,,,,,,,
サザエ,,,,,,,,,,,,,,
サルボウ,,,,,,,,,,,,,,
シジミ,,,,,,,,,,,,,,
タイラガイ,,,,,,,,,,,,,,
タニシ,,,,,,,,,,,,,,
ツブ,,,,,,,,,,,,,,
トコブシ,,,,,,,,,,,,,,
トリガイ,,,,,,,,,,,,,,
バイ,,,,,,,,,,,,,,
バカガイ,,,,,,,,,,,,,,
ハマグリ,30,,,,,,,,,,,,,
ホタテ,35,,,,,,,,,,,,,
ホッキガイ,,,,,,,,,,,,,,
ミルガイ,,,,,,,,,,,,,,
甘海老,,,,,,,,,,,,,,
伊勢海老,,,,,,,,,,,,,,
車海老,,,,,,,,,,,,,,
桜海老,,,,,,,,,,,,,,
大正海老,,,,,,,,,,,,,,
芝海老,,,,,,,,,,,,,,
バナメイエビ,,,,,,,,,,,,,45,
ブラックタイガー,,,,,,,,,,,,,45,
干しエビ,,,,,,,,,,,,,,
ガザミ,,,,,,,,,,,,,,
毛ガニ,,,,,,,,,,,,,,
ズワイガニ,,,,,,,,,,,,,,
タラバガニ,,,,,,,,,,,,,,
アカイカ,,,,,,,,,,,,,,300
ケンサキイカ,,,,,,,,,,,,,,300
コウイカ,,,,,,,,,,,,,,300
スルメイカ,,,,,,,,,,,,,,
ホタルイカ,,,,,,,,,,,,,,
ヤリイカ,,,,,,,,,,,,,,
スルメ,,,,,,,,,,,,,,
サキイカ,,,,,,,,,,,,,,
塩辛,,,,,,,,,,,,,,
イイダコ,,,,,,,,,,,,,,
マダコ,,,,,,,,,,,,,,
あみ,,,,,,,,,,,,,,
うに,,,,,,,,,,,,,,
オキアミ,,,,,,,,,,,,,,
クラゲ,,,,,,,,,,,,,,
シャコ,,,,,,,,,,,,,,
ナマコ,,,,,,,,,,,,,,
コノワタ,,,,,,,,,,,,,,
ホヤ,,,,,,,,,,,,,,
カニカマ,,,,,,,,,,,,,,
かまぼこ,,,,,,,,,,,,,,
竹輪,,,,,,,,,,,,,,
ツミレ,,,,,,,,,,,,,,
ナルト,,,,,,,,,,,,,,
ハンペン,,,,,,,,,,,,,,
さつま揚げ,,,,,,,,,,,,,,
魚肉ハム,,,,,,,,,,,,,,
魚肉ソーセージ,,,,,,,,,,,,,,
イノシシ,,,,,,,,,,,,,,
イノブタ,,,,,,,,,,,,,,
うさぎ,,,,,,,,,,,,,,
牛肩ロース,,,,,,,,,,,,,,
牛小間,,,,,,,,,,,,,,
牛肉,,,,,,,,,,,,,,
牛リブロース,,,,,,,,,,,,,,
牛サーロイン,,,,,,,,,,,,,,
牛バラ,,,,,,,,,,,,,,
牛モモ,,,,,,,,,,,,,,
牛ランプ,,,,,,,,,,,,,,
牛ヒレ,,,,,,,,,,,,,,
牛ミンチ,,,,,,,,,,,,,,
牛タン,,,,,,,,,,,,,,
牛ハツ,,,,,,,,,,,,,,
牛レバー,,,,,,,,,,,,,,
牛マメ,,,,,,,,,,,,,,
牛ミノ,,,,,,,,,,,,,,
牛ハチノス,,,,,,,,,,,,,,
牛センマイ,,,,,,,,,,,,,,
牛ギアラ,,,,,,,,,,,,,,
牛ヒモ,,,,,,,,,,,,,,
牛シマチョウ,,,,,,,,,,,,,,
牛テッポウ,,,,,,,,,,,,,,
牛コブクロ,,,,,,,,,,,,,,
牛ハラミ,,,,,,,,,,,,,,
ローストビーフ,,,,,,,,,,,,,,
コンビーフ,,,,,,,,,,,,,,
ビーフジャーキー,,,,,,,,,,,,,,
スモークタン,,,,,,,,,,,,,,
馬肉,,,,,,,,,,,,,,
鯨肉,,,,,,,,,,,,,,
鹿肉,,,,,,,,,,,,,,
豚小間,,,,,,,,,,,,,,
豚肉,,,,,,,,,,,,,,
豚肩ロース,,,,,,,,,,,,,,
豚ロース,,,,,,,,,,,,,,
豚バラ,,,,,,,,,,,,,,
豚モモ,,,,,,,,,,,,,,
豚ヒレ,,,,,,,,,,,,,,
豚ミンチ,,,,,,,,,,,,,,
豚タン,,,,,,,,,,,,,,
豚ハツ,,,,,,,,,,,,,,
豚レバー,,,,,,,,,,,,,,
豚ガツ,,,,,,,,,,,,,,
豚ホルモン,,,,,,,,,,,,,,
豚コブクロ,,,,,,,,,,,,,,
豚足,,,,,,,,,,,,,,
ボンレスハム,,,,,,,,,,,,,,
ロースハム,,,,,,,,,,,,15,,
ショルダーハム,,,,,,,,,,,,,,
生ハム,,,,,,,,,,,,,,
プレスハム,,,,,,,,,,,,,,
チョップドハム,,,,,,,,,,,,,,
ベーコン,,,,,,,,,,,,20,,
ロースベーコン,,,,,,,,,,,,,,
ショルダーベーコン,,,,,,,,,,,,,,
ウインナー,,,,,,,,,,,,,,
セミドライソーセージ,,,,,,,,,,,,,,
ドライソーセージ,,,,,,,,,,,,,,
フランクフルト,,,,,,,,,,,,,,
ボロニアソーセージ,,,,,,,,,,,,,,
リオナソーセージ,,,,,,,,,,,,,,
レバーソーセージ,,,,,,,,,,,,,,
ソーセージ,,,,,,,,,,,,,,
焼豚,,,,,,,,,,,,,,
マトン,,,,,,,,,,,,,,
ラム,,,,,,,,,,,,,,
ヤギ肉,,,,,,,,,,,,,,
うずら肉,,,,,,,,,,,,,,
フォアグラ,,,,,,,,,,,,,,
真鴨,,,,,,,,,,,,,,
合鴨,,,,,,,,,,,,,,
アヒル肉,,,,,,,,,,,,,,
キジ肉,,,,,,,,,,,,,,
七面鳥,,,,,,,,,,,,,,
鶏手羽肉,,,,,,,,,,,,,,
鶏胸肉,,,,,,,,,,,,180,,
鶏もも肉,,,,,,,,,,,,250,,
鶏肉,,,,,,,,,,,,,,
鶏ささみ,,,,,,,,,,40,,,,
鶏手羽先,,,,,,,,,,,,,,
鶏手羽元,,,,,,,,,,,,,,
鶏ミンチ,,,,,,,,,,,,,,
鶏ハツ,,,,,,,,,,,,,,
鶏レバー,,,,,,,,,,,,,,
鶏砂肝,,,,,,,,,,,,,,
鶏軟骨,,,,,,,,,,,,,,
チキンナゲット,,,,,,,,,,,,,,
鶏つくね,,,,,,,,,,,,,,
イナゴ佃煮,,,,,,,,,,,,,,
カエル肉,,,,,,,,,,,,,,
スッポン,,,,,,,,,,,,,,
ハチノコ,,,,,,,,,,,,,,
ピータン,,,,,,,,,,,,,,
烏骨鶏卵,,,,,,,,,,,,,,
うずら卵,,,,,,,,,,,,,,
鶏卵,,,,,,,,,,,,,,
卵,,,,,,,,,,,,,,
ポーチドエッグ,,,,,,,,,,,,,,
卵黄,,,,,,,,,,,,,,
卵白,,,,,,,,,,,,,,
たまご豆腐,,,,,,,,,,,,,,
牛乳,,15,5,210,,,,,,,,,,
脱脂粉乳,,6,2,90,,,,,,,,,,
無糖練乳,,,,,,,,,,,,,,
加糖練乳,,,,,,,,,,,,,,
生クリーム,,,,,,,,,,,,,,
ホイップクリーム,,,,,,,,,,,,,,
コーヒーフレッシュ,,,,,,,,,,,,,,
ヨーグルト,,15,5,210,,,,,,,,,,
ナチュラルチーズ,,9,3,110,,,,,,,,,,
チーズ,,9,3,110,,,,,,,,,,
カマンベールチーズ,,,,,,,,,,,,,,
クリームチーズ,,,,,,,,,,,,,,
ゴーダチーズ,,,,,,,,,,,,,,
チェダーチーズ,,,,,,,,,,,,,,
パルメザンチーズ,,6,2,80,,,,,,,,,,
ブルーチーズ,,,,,,,,,,,,,,
マスカルポーネチーズ,,,,,,,,,,,,,,
モッツァレラチーズ,,,,,,,,,,,,,,
リコッタチーズ,,,,,,,,,,,,,,
プロセスチーズ,,,,,,,,,,,,,,
アイスクリーム,,,,,,,,,,,,,,
ソフトクリーム,,,,,,,,,,,,,,
カゼイン,,,,,,,,,,,,,,
シャーベット,,,,,,,,,,,,,,
ホエーパウダー,,,,,,,,,,,,,,
ヤギ乳,,,,,,,,,,,,,,
アマニ油,,12,4,180,,,,,,,,,,
エゴマ油,,12,4,180,,,,,,,,,,
オリーブ油,,12,4,180,,,,,,,,,,
ごま油,,12,4,180,,,,,,,,,,
米ぬか油,,12,4,180,,,,,,,,,,
大豆油,,12,4,180,,,,,,,,,,
とうもろこし油,,12,4,180,,,,,,,,,,
なたね油,,12,4,180,,,,,,,,,,
パーム油,,12,4,180,,,,,,,,,,
サラダ油,,12,4,180,,,,,,,,,,
ぶどう油,,12,4,180,,,,,,,,,,
綿実油,,12,4,180,,,,,,,,,,
やし油,,12,4,180,,,,,,,,,,
落花生油,,12,4,180,,,,,,,,,,
牛脂,,,,,,,,,,,,,,
ラード,,,,,,,,,,,,,,
バター(有塩),,12,4,180,,,,,,,,,,
バター(無塩),,12,4,180,,,,,,,,,,
発酵バター,,,,,,,,,,,,,,
マーガリン,,,,,,,,,,,,,,
ファットスプレッド,,,,,,,,,,,,,,
ショートニング,,,,,,,,,,,,,,
甘納豆(あずき),,,,,,,,,,,,,,
甘納豆(いんげんまめ),,,,,,,,,,,,,,
甘納豆(えんどう),,,,,,,,,,,,,,
今川焼,,,,,,,,,,,,,,
ういろう,,,,,,,,,,,,,,
うぐいす餅,,,,,,,,,,,,,,
柏餅,,,,,,,,,,,,,,
カステラ,,,,,,,,,,,,,,
カルカン,,,,,,,,,,,,,,
きび団子,,,,,,,,,,,,,,
ぎゅうひ,,,,,,,,,,,,,,
きんつば,,,,,,,,,,,,,,
草餅,,,,,,,,,,,,,,
みたらし団子,,,,,,,,,,,,,,
くず餅,,,,,,,,,,,,,,
五平餅,,,,,,,,,,,,,,
桜餅,,,,,,,,,,,,,,
笹団子,,,,,,,,,,,,,,
大福,,,,,,,,,,,,,,
ちまき,,,,,,,,,,,,,,
どら焼き,,,,,,,,,,,,,,
生八橋,,,,,,,,,,,,,,
ねりきり,,,,,,,,,,,,,,
カステラまんじゅう,,,,,,,,,,,,,,
葛まんじゅう,,,,,,,,,,,,,,
栗まんじゅう,,,,,,,,,,,,,,
唐まんじゅう,,,,,,,,,,,,,,
蒸し饅頭,,,,,,,,,,,,,,
あんまん,,,,,,,,,,,,,,
肉まん,,,,,,,,,,,,,,
もなか,,,,,,,,,,,,,,
ゆべし,,,,,,,,,,,,,,
練り羊羹,,,,,,,,,,,,,,
水羊羹,,,,,,,,,,,,,,
蒸し羊羹,,,,,,,,,,,,,,
芋かりんとう,,,,,,,,,,,,,,
おこし,,,,,,,,,,,,,,
おのろけ豆,,,,,,,,,,,,,,
かりんとう,,,,,,,,,,,,,,
清酒,,15,5,200,,,,,,,,,,
純米酒,,15,5,200,,,,,,,,,,
吟醸酒,,15,5,200,,,,,,,,,,
ビール,,,,,,,,,,,,,,
発泡酒,,15,5,200,,,,,,,,,,
白ワイン,,15,5,200,,,,,,,,,,
赤ワイン,,15,5,200,,,,,,,,,,
ロゼワイン,,15,5,200,,,,,,,,,,
紹興酒,,15,5,200,,,,,,,,,,
焼酎,,,,,,,,,,,,,,
ウィスキー,,,,,,,,,,,,,,
ブランデー,,,,,,,,,,,,,,
ウォッカ,,,,,,,,,,,,,,
ジン,,,,,,,,,,,,,,
ラム,,,,,,,,,,,,,,
マオタイ酒,,15,5,200,,,,,,,,,,
梅酒,,15,5,200,,,,,,,,,,
本みりん,,18,6,230,,,,,,,,,,
キュラソー,,,,,,,,,,,,,,
スイートワイン,,,,,,,,,,,,,,
ペパーミント酒,,15,5,200,,,,,,,,,,
ベルモット酒,,15,5,200,,,,,,,,,,
緑茶,,,,,,,,,,,,,,
抹茶,,,,,,,,,,,,,,
煎茶,,,,,,,,,,,,,,
番茶,,,,,,,,,,,,,,
ほうじ茶,,,,,,,,,,,,,,
玄米茶,,,,,,,,,,,,,,
烏龍茶,,,,,,,,,,,,,,
紅茶,,,,,,,,,,,,,,
コーヒー,,,,,,,,,,,,,,
インスタントコーヒー,,6,2,60,,,,,,,,,,
ココア,,,,,,,,,,,,,,
ミルクココア,,,,,,,,,,,,,,
青汁,,,,,,,,,,,,,,
甘酒,,,,,,,,,,,,,,
昆布茶,,12,4,160,,,,,,,,,,
スポーツドリンク,,,,,,,,,,,,,,
コーラ,,,,,,,,,,,,,,
サイダー,,,,,,,,,,,,,,
麦茶,,,,,,,,,,,,,,
ウスターソース,,18,6,240,,,,,,,,,,
中濃ソース,,18,6,240,,,,,,,,,,
お好み焼きソース,,18,6,240,,,,,,,,,,
豆板醤,,14,5,,,,,,,,,,,
チリペッパーソース,,18,6,,,,,,,,,,,
ラー油,,9,3,,,,,,,,,,,
醤油,,18,6,230,,,,,,,,,,
薄口醤油,,18,6,230,,,,,,,,,,
たまり醤油,,18,6,230,,,,,,,,,,
白醤油,,18,6,230,,,,,,,,,,
だし醤油,,18,6,230,,,,,,,,,,
食塩,,18,6,240,,,,,,,,,,
並塩,,15,5,200,,,,,,,,,,
精製塩,,18,6,230,,,,,,,,,,
黒酢,,15,5,200,,,,,,,,,,
穀物酢,,15,5,200,,,,,,,,,,
米酢,,15,5,200,,,,,,,,,,
バルサミコ酢,,15,5,200,,,,,,,,,,
ぶどう酢,,15,5,200,,,,,,,,,,
リンゴ酢,,15,5,200,,,,,,,,,,
鰹だし,,,,,,,,,,,,,,
昆布だし,,,,,,,,,,,,,,
椎茸だし,,,,,,,,,,,,,,
煮干しだし,,,,,,,,,,,,,,
鶏ガラ,,,,,,,,,,,,,,
中華だし,,,,,,,,,,,,,,
コンソメ,5,8,3,130,,,,,,,,,,
おでんだし,,,,,,,,,,,,,,
めんつゆ(ストレート),,18,6,230,,,,,,,,,,
めんつゆ(3倍濃縮),,21,7,240,,,,,,,,,,
甘酢,,,,,,,,,,,,,,
オイスターソース,,18,6,230,,,,,,,,,,
黄身酢,,,,,,,,,,,,,,
ごま酢,,,,,,,,,,,,,,
ごまダレ,,,,,,,,,,,,,,
三杯酢,,,,,,,,,,,,,,
二杯酢,,,,,,,,,,,,,,
すし酢,,,,,,,,,,,,,,
デミグラスソース,,,,,,,,,,,,,,
甜麺醤,,18,6,230,,,,,,,,,,
ナンプラー,,,,,,,,,,,,,,
ホワイトソース,,,,,,,,,,,,,,
ポン酢しょうゆ,,,,,,,,,,,,,,
ミートソース,,,,,,,,,,,,,,
焼き鳥のタレ,,,,,,,,,,,,,,
柚子こしょう,,,,,,,,,,,,,,
トマトピューレ,,15,5,210,,,,,,,,,,
トマトペースト,,15,5,210,,,,,,,,,,
ケチャップ,,15,5,230,,,,,,,,,,
トマトソース,,18,6,220,,,,,,,,,,
チリソース,,18,6,,,,,,,,,,,
フレンチドレッシング,,17,5,,,,,,,,,,,
和風ドレッシング,,17,5,,,,,,,,,,,
胡麻ドレッシング,,17,5,,,,,,,,,,,
サウザンアイランドドレッシング,,17,5,,,,,,,,,,,
マヨネーズ,,12,4,190,,,,,,,,,,
米味噌,,18,6,230,,,,,,,,,,
麦味噌,,18,6,230,,,,,,,,,,
豆味噌,,18,6,230,,,,,,,,,,
減塩味噌,,18,6,230,,,,,,,,,,
合わせ味噌,,18,6,230,,,,,,,,,,
辛子酢味噌,,,,,,,,,,,,,,
胡麻味噌,,,,,,,,,,,,,,
酢味噌,,,,,,,,,,,,,,
練り味噌,,,,,,,,,,,,,,
カレールウ,,,,,,,,,,,,,,
ハヤシルウ,,,,,,,,,,,,,,
酒かす,,15,5,,,,,,,,,,,
みりん風調味料,,18,6,230,,,,,,,,,,
オールスパイス,,,,,,,,,,,,,,
オニオンパウダー,,,,,,,,,,,,,,
和からし(粉),,,,,,,,,,,,,,
和からし(練り),,,,,,,,,,,,,,
マスタード,,18,6,,,,,,,,,,,
粒入りマスタード,,18,6,,,,,,,,,,,
カレー粉,,6,2,80,,,,,,,,,,
クローブ,,,,,,,,,,,,,,
黒コショウ,,,,,,,,,,,,,,
白コショウ,,,,,,,,,,,,,,
山椒,,,,,,,,,,,,,,
シナモン,,,,,,,,,,,,,,
おろし生姜,,10,5,,,,,10,,,,,,
セージ,,,,,,,,,,,,,,
タイム,,,,,,,,,,,,,,
チリパウダー,,,,,,,,,,,,,,
唐辛子粉,,6,2,80,,,,,,,,,,
ナツメグ,,,,,,,,,,,,,,
ガーリックパウダー,,,,,,,,,,,,,,
おろしニンニク,,10,5,,,,,,,,,,,
バジル(乾),,,,,,,,,,,,,,
パセリ(乾),,,,,,,,,,,,,,
パプリカ(乾),,,,,,,,,,,,,,
わさび(粉),,6,2,80,,,,,,,,,,
わさび(練り),,,,,,,,,,,,,,
パン酵母(圧搾),,,,,,,,,,,,,,
パン酵母(乾燥),,,,,,,,,,,,,,
天ぷら用バッター,,,,,,,,,,,,,,
ベーキングパウダー,,12,4,150,,,,,,,,,,
ビーフカレー(レトルトパウチ),,,,,,,,,,,,,,
コーンクリームスープ(粉),,,,,,,,,,,,,,
コーンクリームスープ(レトルト),,,,,,,,,,,,,,
ビーフカレー(レトルト),,,,,,,,,,,,,,
水,,15,5,200,,,,,,,,,,